id,rar,sd,m,auto,cls,target
2,1,0.4714045207910317,4.333333333333333,0,C,0
3,0,0.4714045207910317,3.6666666666666665,0,C,0
4,0,0.4714045207910317,5.666666666666667,0,C,0
5,2,0.0,3.0,0,R,1
6,1,0.0,4.0,0,C,0
7,1,0.0,6.0,0,C,0
8,2,0.0,2.0,0,R,1
9,0,0.0,6.0,0,C,0
10,1,0.4714045207910317,3.333333333333333,0,C,0
11,2,0.4714045207910317,7.333333333333333,0,R,1
13,1,0.4714045207910317,4.666666666666667,0,C,0
14,1,0.0,4.0,0,C,0
15,3,0.0,5.0,0,R,1
16,1,0.4714045207910317,5.333333333333333,0,C,0
17,0,0.0,4.0,0,C,0
18,1,0.0,5.0,0,C,0
19,3,0.4714045207910317,4.666666666666667,0,R,1
20,1,0.0,5.0,0,C,0
21,2,0.4714045207910317,1.6666666666666667,0,R,1
22,1,0.0,5.0,0,C,0
23,0,0.0,5.0,0,C,0
24,1,0.0,6.0,0,C,0
25,0,0.0,5.0,0,C,0
26,2,0.4714045207910317,6.333333333333333,0,R,1
27,2,0.4714045207910317,5.666666666666667,0,R,1
28,0,0.4714045207910317,3.6666666666666665,0,C,0
29,0,0.0,6.0,0,C,0
30,0,0.0,4.0,0,C,0
31,1,0.4714045207910317,3.6666666666666665,0,C,0
32,1,0.4714045207910317,4.333333333333333,0,C,0
33,2,0.4714045207910317,6.333333333333333,0,R,1
34,1,0.4714045207910317,7.666666666666667,0,C,0
35,1,0.816496580927726,5.0,0,C,1
36,0,0.0,4.0,0,C,0
37,1,0.0,2.0,0,C,0
38,0,0.4714045207910317,4.333333333333333,0,C,0
39,3,0.4714045207910317,7.333333333333333,0,R,1
40,2,0.4714045207910317,6.333333333333333,0,R,1
41,1,0.0,5.0,0,C,0
42,0,0.4714045207910317,3.6666666666666665,0,C,0
43,3,0.4714045207910317,4.333333333333333,0,R,1
44,1,0.9428090415820634,2.6666666666666665,0,C,1
45,2,0.4714045207910317,3.6666666666666665,0,R,1
46,0,0.4714045207910317,5.666666666666667,0,C,0
47,1,0.4714045207910317,6.333333333333333,0,C,0
48,1,0.4714045207910317,4.333333333333333,0,C,0
49,0,0.4714045207910317,4.666666666666667,0,C,0
50,3,0.4714045207910317,1.6666666666666667,0,R,1
51,0,0.0,4.0,0,C,0
52,1,0.4714045207910317,4.666666666666667,0,C,0
53,0,0.0,4.0,0,C,0
54,1,0.0,5.0,0,C,0
55,0,0.4714045207910317,4.333333333333333,0,C,0
56,1,0.0,6.0,0,C,0
57,2,0.4714045207910317,7.666666666666667,0,R,1
58,3,0.0,2.0,0,R,1
59,0,0.4714045207910317,5.666666666666667,0,C,0
60,0,0.0,4.0,0,C,0
61,2,0.0,8.0,0,R,1
62,1,0.0,4.0,0,C,0
63,1,0.0,5.0,0,C,0
64,2,0.4714045207910317,3.333333333333333,0,R,1
65,1,0.0,7.0,0,C,0
66,0,0.4714045207910317,5.666666666666667,0,C,0
67,2,0.0,5.0,0,R,1
68,1,0.0,4.0,0,C,0
69,1,0.4714045207910317,6.333333333333333,0,C,0
70,2,0.0,7.0,0,R,1
71,1,0.0,5.0,0,C,0
72,0,0.4714045207910317,4.333333333333333,0,C,0
73,1,0.0,4.0,0,C,0
74,2,0.4714045207910317,4.666666666666667,0,R,1
75,2,0.0,7.0,0,R,1
76,2,0.0,4.0,0,R,1
77,0,0.4714045207910317,6.333333333333333,0,C,0
78,2,0.0,4.0,0,R,1
79,3,0.4714045207910317,8.666666666666666,0,R,1
80,0,0.0,5.0,0,C,0
81,0,0.4714045207910317,5.333333333333333,0,C,0
82,1,0.4714045207910317,3.6666666666666665,0,C,0
83,1,0.4714045207910317,2.333333333333333,0,C,0
84,1,0.0,7.0,0,C,0
85,0,0.4714045207910317,3.333333333333333,0,C,0
86,2,0.4714045207910317,4.666666666666667,0,R,1
87,0,0.0,4.0,0,C,0
88,2,0.0,4.0,0,R,1
89,1,0.4714045207910317,5.666666666666667,0,C,0
90,2,0.0,3.0,0,R,1
91,1,0.4714045207910317,1.6666666666666667,0,C,0
92,1,0.0,4.0,0,C,0
93,2,0.0,6.0,0,R,1
94,1,0.4714045207910317,5.666666666666667,0,C,0
95,2,0.0,7.0,0,R,1
96,1,0.4714045207910317,4.333333333333333,0,C,0
97,0,0.0,5.0,0,C,0
98,3,0.4714045207910317,6.333333333333333,0,R,1
99,0,0.0,6.0,0,C,0
100,1,0.0,7.0,0,C,0
101,1,0.0,7.0,0,C,0
102,3,0.4714045207910317,2.333333333333333,0,R,1
103,1,0.0,4.0,0,C,0
104,1,0.4714045207910317,3.6666666666666665,0,C,0
105,1,0.0,4.0,0,C,0
106,0,0.0,5.0,0,C,0
107,1,0.0,6.0,0,C,0
108,1,0.4714045207910317,4.666666666666667,0,C,0
109,0,0.4714045207910317,4.666666666666667,0,C,0
110,2,0.4714045207910317,3.333333333333333,0,R,1
111,0,0.4714045207910317,5.666666666666667,0,C,0
112,2,0.0,3.0,0,R,1
113,0,0.4714045207910317,6.666666666666667,0,C,0
114,0,0.4714045207910317,2.333333333333333,0,C,0
115,0,0.4714045207910317,4.333333333333333,0,C,0
116,0,0.4714045207910317,5.666666666666667,0,C,0
117,1,0.4714045207910317,3.333333333333333,0,C,0
118,0,0.4714045207910317,4.666666666666667,0,C,0
119,2,0.0,5.0,0,R,1
120,1,0.0,4.0,0,C,0
121,0,0.4714045207910317,3.333333333333333,0,C,0
122,1,0.4714045207910317,4.333333333333333,0,C,0
123,1,0.0,7.0,0,C,0
124,0,0.0,5.0,0,C,0
125,2,0.0,4.0,0,R,1
126,2,0.4714045207910317,4.666666666666667,0,R,1
127,1,0.0,7.0,0,C,0
128,1,0.0,2.0,0,C,0
129,0,0.0,6.0,0,C,0
130,1,0.0,3.0,0,C,0
131,1,0.4714045207910317,4.333333333333333,0,C,0
132,2,0.0,5.0,0,R,1
133,0,0.0,3.0,0,C,0
134,0,0.0,5.0,0,C,0
135,2,0.0,4.0,0,R,1
136,1,0.0,7.0,0,C,0
137,1,0.0,5.0,0,C,0
138,0,0.4714045207910317,3.6666666666666665,0,C,0
139,1,0.4714045207910317,3.6666666666666665,0,C,0
140,1,0.4714045207910317,3.6666666666666665,0,C,0
141,1,0.0,6.0,0,C,0
142,0,0.4714045207910317,7.333333333333333,0,C,0
143,0,0.0,5.0,0,C,0
144,1,0.4714045207910317,3.333333333333333,0,C,0
145,0,0.0,4.0,0,C,0
146,1,0.0,5.0,0,C,0
147,0,0.4714045207910317,5.666666666666667,0,C,0
148,1,0.0,4.0,0,C,0
149,1,0.4714045207910317,4.333333333333333,0,C,0
150,2,0.0,6.0,0,R,1
151,2,0.4714045207910317,4.333333333333333,0,R,1
152,0,0.4714045207910317,5.666666666666667,0,C,0
153,1,0.4714045207910317,3.6666666666666665,0,C,0
154,1,0.0,5.0,0,C,0
155,0,0.0,5.0,0,C,0
156,1,0.4714045207910317,4.333333333333333,0,C,0
157,0,0.0,3.0,0,C,0
158,1,0.4714045207910317,4.333333333333333,0,C,0
159,0,0.0,6.0,0,C,0
160,0,0.4714045207910317,4.666666666666667,0,C,0
161,0,0.0,5.0,0,C,0
162,1,0.0,4.0,0,C,0
163,0,0.4714045207910317,2.6666666666666665,0,C,0
164,3,0.4714045207910317,8.666666666666666,0,R,1
165,0,0.4714045207910317,2.333333333333333,0,C,0
166,0,0.4714045207910317,4.333333333333333,0,C,0
167,2,0.4714045207910317,2.6666666666666665,0,R,1
168,1,0.4714045207910317,5.333333333333333,0,C,0
169,0,0.4714045207910317,4.333333333333333,0,C,0
170,0,0.0,4.0,0,C,0
171,1,0.4714045207910317,3.6666666666666665,0,C,0
172,2,0.4714045207910317,5.333333333333333,0,R,1
173,1,0.0,7.0,0,C,0
174,2,0.9428090415820634,4.666666666666667,0,R,1
175,0,0.0,4.0,0,C,0
176,2,0.4714045207910317,8.666666666666666,0,R,1
177,2,0.0,4.0,0,R,1
178,1,0.0,6.0,0,C,0
179,0,0.4714045207910317,3.333333333333333,0,C,0
180,0,0.0,5.0,0,C,0
181,1,0.0,4.0,0,C,0
182,3,0.4714045207910317,6.666666666666667,0,R,1
183,3,0.4714045207910317,5.333333333333333,0,R,1
184,2,0.4714045207910317,6.333333333333333,0,R,1
185,0,0.4714045207910317,4.333333333333333,0,C,0
186,0,0.0,6.0,0,C,0
187,2,0.0,6.0,0,R,1
188,0,0.4714045207910317,4.666666666666667,0,C,0
189,0,0.0,4.0,0,C,0
190,2,0.4714045207910317,6.333333333333333,0,R,1
191,2,0.0,4.0,0,R,1
192,0,0.0,5.0,0,C,0
193,1,0.0,2.0,0,C,0
194,1,0.0,3.0,0,C,0
195,1,0.816496580927726,2.0,0,C,1
196,1,0.4714045207910317,4.666666666666667,0,C,0
197,0,0.0,5.0,0,C,0
198,2,0.0,7.0,0,R,1
199,0,0.0,4.0,0,C,0
200,0,0.4714045207910317,4.333333333333333,0,C,0
201,2,0.0,5.0,0,R,1
202,1,0.0,7.0,0,C,0
203,2,0.4714045207910317,3.333333333333333,0,R,1
204,0,0.0,6.0,0,C,0
205,2,0.4714045207910317,3.333333333333333,0,R,1
206,1,0.0,4.0,0,C,0
207,2,0.0,8.0,0,R,1
208,0,0.4714045207910317,3.333333333333333,0,C,0
209,1,0.0,4.0,0,C,0
210,0,0.0,3.0,0,C,0
211,2,0.0,5.0,0,R,1
212,0,0.4714045207910317,2.6666666666666665,0,C,0
213,0,0.4714045207910317,5.333333333333333,0,C,0
214,2,0.4714045207910317,7.666666666666667,0,R,1
215,2,0.4714045207910317,4.333333333333333,0,R,1
216,0,0.4714045207910317,5.666666666666667,0,C,0
217,0,0.4714045207910317,3.6666666666666665,0,C,0
218,1,0.0,5.0,0,C,0
219,1,0.0,3.0,0,C,0
220,1,0.0,6.0,0,C,0
221,1,0.4714045207910317,4.333333333333333,0,C,0
222,2,0.4714045207910317,7.333333333333333,0,R,1
223,3,0.0,3.0,0,R,1
224,1,0.0,5.0,0,C,0
225,1,0.4714045207910317,6.666666666666667,0,C,0
226,1,0.0,5.0,0,C,0
227,1,0.0,4.0,0,C,0
228,1,0.0,5.0,0,C,0
229,1,0.4714045207910317,3.333333333333333,0,C,0
230,1,0.0,3.0,0,C,0
231,2,0.4714045207910317,3.333333333333333,0,R,1
232,1,0.0,2.0,0,C,0
233,2,0.0,6.0,0,R,1
234,0,0.4714045207910317,3.333333333333333,0,C,0
235,1,0.4714045207910317,4.333333333333333,0,C,0
236,1,0.4714045207910317,6.666666666666667,0,C,0
237,0,0.4714045207910317,4.666666666666667,0,C,0
238,3,0.9428090415820634,4.666666666666667,0,R,1
239,2,0.0,6.0,0,R,1
240,0,0.0,6.0,0,C,0
241,0,0.0,3.0,0,C,0
242,2,0.4714045207910317,3.6666666666666665,0,R,1
243,0,0.4714045207910317,5.333333333333333,0,C,0
244,0,0.0,3.0,0,C,0
245,2,0.0,6.0,0,R,1
246,2,0.0,8.0,0,R,1
247,0,0.0,4.0,0,C,0
248,0,0.4714045207910317,3.333333333333333,0,C,0
249,1,0.0,4.0,0,C,0
250,1,0.4714045207910317,4.333333333333333,0,C,0
251,2,0.816496580927726,2.0,0,R,1
252,2,0.4714045207910317,4.333333333333333,0,R,1
253,3,0.0,6.0,0,R,1
254,2,0.4714045207910317,7.666666666666667,0,R,1
255,2,0.4714045207910317,5.666666666666667,0,R,1
256,0,0.0,5.0,0,C,0
257,1,0.0,5.0,0,C,0
258,2,0.4714045207910317,5.666666666666667,0,R,1
259,0,0.4714045207910317,5.666666666666667,0,C,0
260,1,0.0,7.0,0,C,0
261,2,0.816496580927726,2.0,0,R,1
262,3,0.4714045207910317,4.666666666666667,0,R,1
263,0,0.0,4.0,0,C,0
264,3,0.4714045207910317,5.666666666666667,0,R,1
265,2,0.4714045207910317,7.666666666666667,0,R,1
266,1,0.816496580927726,4.0,0,C,1
267,1,0.0,3.0,0,C,0
268,2,0.4714045207910317,4.333333333333333,0,R,1
269,0,0.0,3.0,0,C,0
270,1,0.0,7.0,0,C,0
271,0,0.4714045207910317,3.333333333333333,0,C,0
272,2,0.4714045207910317,3.6666666666666665,0,R,1
273,1,0.0,3.0,0,C,0
274,0,0.4714045207910317,3.333333333333333,0,C,0
275,2,0.0,6.0,0,R,1
276,0,0.4714045207910317,4.333333333333333,0,C,0
277,0,0.4714045207910317,3.6666666666666665,0,C,0
278,1,0.0,6.0,0,C,0
279,0,0.4714045207910317,3.333333333333333,0,C,0
280,0,0.0,5.0,0,C,0
281,1,0.4714045207910317,2.333333333333333,0,C,0
282,3,0.0,7.0,0,R,1
283,3,0.4714045207910317,6.333333333333333,0,R,1
284,1,0.0,5.0,0,C,0
285,2,0.0,8.0,0,R,1
286,1,0.4714045207910317,4.333333333333333,0,C,0
287,0,0.4714045207910317,4.666666666666667,0,C,0
288,2,0.4714045207910317,6.666666666666667,0,R,1
289,0,0.0,5.0,0,C,0
290,0,0.4714045207910317,4.666666666666667,0,C,0
291,0,0.4714045207910317,4.333333333333333,0,C,0
292,0,0.4714045207910317,3.6666666666666665,0,C,0
293,2,0.4714045207910317,5.666666666666667,0,R,1
294,0,0.0,3.0,0,C,0
295,2,0.4714045207910317,2.6666666666666665,0,R,1
296,3,0.4714045207910317,3.6666666666666665,0,R,1
297,1,0.4714045207910317,5.333333333333333,0,C,0
298,1,0.0,6.0,0,C,0
299,1,0.4714045207910317,4.333333333333333,0,C,0
300,1,0.4714045207910317,4.666666666666667,0,C,0
301,0,0.4714045207910317,5.333333333333333,0,C,0
302,0,0.0,3.0,0,C,0
303,0,0.4714045207910317,3.6666666666666665,0,C,0
304,0,0.0,2.0,0,C,0
305,2,0.4714045207910317,3.333333333333333,0,R,1
306,0,0.0,5.0,0,C,0
307,2,0.0,9.0,0,R,1
308,0,0.0,6.0,0,C,0
309,2,0.4714045207910317,4.333333333333333,0,R,1
310,2,0.0,6.0,0,R,1
311,3,0.4714045207910317,5.666666666666667,0,R,1
312,1,0.816496580927726,6.0,0,C,1
313,1,0.4714045207910317,4.333333333333333,0,C,0
314,3,0.4714045207910317,7.666666666666667,0,R,1
315,1,0.4714045207910317,4.333333333333333,0,C,0
316,0,0.4714045207910317,7.333333333333333,0,C,0
317,0,0.0,6.0,0,C,0
318,2,0.4714045207910317,5.666666666666667,0,R,1
319,0,0.0,5.0,0,C,0
320,2,0.4714045207910317,6.666666666666667,0,R,1
321,1,0.4714045207910317,4.333333333333333,0,C,0
322,2,0.4714045207910317,3.6666666666666665,0,R,1
323,2,0.4714045207910317,6.666666666666667,0,R,1
324,0,0.0,4.0,0,C,0
325,1,0.4714045207910317,1.3333333333333333,0,C,0
326,2,0.0,4.0,0,R,1
327,0,0.4714045207910317,5.333333333333333,0,C,0
328,1,0.4714045207910317,3.333333333333333,0,C,0
329,1,0.4714045207910317,3.6666666666666665,0,C,0
330,0,0.0,6.0,0,C,0
331,1,0.4714045207910317,2.333333333333333,0,C,0
332,1,0.4714045207910317,6.333333333333333,0,C,0
333,2,0.4714045207910317,5.333333333333333,0,R,1
334,0,0.4714045207910317,3.333333333333333,0,C,0
335,1,0.4714045207910317,2.333333333333333,0,C,0
336,0,0.0,5.0,0,C,0
337,3,0.4714045207910317,7.333333333333333,0,R,1
338,0,0.4714045207910317,4.333333333333333,0,C,0
339,0,0.4714045207910317,3.333333333333333,0,C,0
340,0,0.4714045207910317,2.6666666666666665,0,C,0
341,2,0.4714045207910317,4.333333333333333,0,R,1
342,1,0.0,4.0,0,C,0
343,1,0.4714045207910317,5.333333333333333,0,C,0
344,2,0.4714045207910317,4.333333333333333,0,R,1
345,2,0.0,6.0,0,R,1
346,1,0.0,3.0,0,C,0
347,0,0.4714045207910317,7.333333333333333,0,C,0
348,0,0.4714045207910317,5.333333333333333,0,C,0
349,2,0.0,5.0,0,R,1
350,1,0.4714045207910317,7.666666666666667,0,C,0
351,2,0.0,6.0,0,R,1
352,0,0.4714045207910317,4.666666666666667,0,C,0
353,1,0.0,3.0,0,C,0
354,2,0.0,6.0,0,R,1
355,0,0.4714045207910317,6.333333333333333,0,C,0
356,0,0.0,5.0,0,C,0
357,2,0.4714045207910317,3.333333333333333,0,R,1
358,1,0.4714045207910317,4.666666666666667,0,C,0
359,0,0.0,4.0,0,C,0
360,1,0.4714045207910317,4.666666666666667,0,C,0
361,1,0.4714045207910317,3.333333333333333,0,C,0
362,2,0.9428090415820634,4.666666666666667,0,R,1
363,2,0.4714045207910317,3.333333333333333,0,R,1
364,2,0.0,4.0,0,R,1
365,3,0.4714045207910317,3.333333333333333,0,R,1
366,0,0.0,3.0,0,C,0
367,0,0.4714045207910317,6.333333333333333,0,C,0
368,2,0.4714045207910317,6.333333333333333,0,R,1
369,3,0.4714045207910317,7.666666666666667,0,R,1
370,0,0.4714045207910317,3.333333333333333,0,C,0
371,2,0.4714045207910317,4.666666666666667,0,R,1
372,1,0.0,5.0,0,C,0
373,0,0.0,5.0,0,C,0
374,2,0.4714045207910317,2.6666666666666665,0,R,1
375,3,0.4714045207910317,6.666666666666667,0,R,1
377,1,0.0,6.0,0,C,0
378,1,0.0,6.0,0,C,0
379,2,0.4714045207910317,7.333333333333333,0,R,1
380,1,0.4714045207910317,3.333333333333333,0,C,0
381,2,0.0,6.0,0,R,1
382,1,0.4714045207910317,5.333333333333333,0,C,0
383,1,0.4714045207910317,4.666666666666667,0,C,0
384,1,0.4714045207910317,3.6666666666666665,0,C,0
385,1,0.4714045207910317,5.666666666666667,0,C,0
386,3,0.4714045207910317,6.333333333333333,0,R,1
387,0,0.0,5.0,0,C,0
388,2,0.4714045207910317,1.6666666666666667,0,R,1
389,1,0.0,5.0,0,C,0
390,0,0.4714045207910317,2.333333333333333,0,C,0
391,3,0.4714045207910317,7.333333333333333,0,R,1
392,3,0.816496580927726,6.0,0,R,1
393,1,0.4714045207910317,3.333333333333333,0,C,0
394,0,0.4714045207910317,5.333333333333333,0,C,0
395,2,0.0,3.0,0,R,1
396,1,0.4714045207910317,4.333333333333333,0,C,0
397,1,0.4714045207910317,3.333333333333333,0,C,0
398,1,0.4714045207910317,2.6666666666666665,0,C,0
399,1,0.0,2.0,0,C,0
400,0,0.4714045207910317,4.666666666666667,0,C,0
401,0,0.0,3.0,0,C,0
402,0,0.4714045207910317,5.333333333333333,0,C,0
403,2,0.4714045207910317,2.6666666666666665,0,R,1
404,1,0.4714045207910317,5.333333333333333,0,C,0
405,0,0.4714045207910317,4.666666666666667,0,C,0
406,0,0.4714045207910317,4.666666666666667,0,C,0
407,2,0.4714045207910317,3.333333333333333,0,R,1
408,0,0.0,4.0,0,C,0
409,2,0.4714045207910317,7.666666666666667,0,R,1
410,0,0.4714045207910317,3.6666666666666665,0,C,0
411,1,0.4714045207910317,7.666666666666667,0,C,0
412,1,0.4714045207910317,6.333333333333333,0,C,0
413,1,0.4714045207910317,6.333333333333333,0,C,0
414,2,0.4714045207910317,2.333333333333333,0,R,1
415,0,0.4714045207910317,4.333333333333333,0,C,0
416,1,0.0,5.0,0,C,0
417,0,0.4714045207910317,6.333333333333333,0,C,0
418,1,0.4714045207910317,6.666666666666667,0,C,0
419,1,0.4714045207910317,2.6666666666666665,0,C,0
420,1,0.4714045207910317,4.333333333333333,0,C,0
421,3,0.9428090415820634,7.666666666666667,0,R,1
422,0,0.4714045207910317,5.333333333333333,0,C,0
423,0,0.816496580927726,6.0,0,C,1
424,0,0.4714045207910317,4.666666666666667,0,C,0
425,2,0.4714045207910317,4.666666666666667,0,R,1
426,0,0.4714045207910317,3.333333333333333,0,C,0
427,1,0.816496580927726,6.0,0,C,1
428,1,0.0,4.0,0,C,0
429,2,0.4714045207910317,4.333333333333333,0,R,1
430,0,0.4714045207910317,3.6666666666666665,0,C,0
431,0,0.816496580927726,4.0,0,C,1
432,0,0.4714045207910317,4.666666666666667,0,C,0
433,2,0.4714045207910317,4.333333333333333,0,R,1
434,0,0.0,5.0,0,C,0
435,0,0.4714045207910317,3.333333333333333,0,C,0
436,1,0.4714045207910317,5.333333333333333,0,C,0
437,3,0.4714045207910317,6.333333333333333,0,R,1
438,0,0.4714045207910317,5.333333333333333,0,C,0
439,2,0.4714045207910317,3.333333333333333,0,R,1
440,1,0.816496580927726,5.0,0,C,1
441,3,0.4714045207910317,3.333333333333333,0,R,1
442,1,0.4714045207910317,4.666666666666667,0,C,0
443,1,0.4714045207910317,5.333333333333333,0,C,0
444,0,0.0,4.0,0,C,0
445,0,0.4714045207910317,4.333333333333333,0,C,0
446,1,0.0,5.0,0,C,0
447,1,0.4714045207910317,6.666666666666667,0,C,0
448,0,0.4714045207910317,3.6666666666666665,0,C,0
449,1,0.0,2.0,0,C,0
450,2,0.4714045207910317,6.666666666666667,0,R,1
451,1,0.816496580927726,6.0,0,C,1
452,1,0.4714045207910317,4.666666666666667,0,C,0
453,1,0.0,6.0,0,C,0
454,1,0.9428090415820634,5.666666666666667,0,C,1
455,0,0.4714045207910317,4.333333333333333,0,C,0
456,0,0.0,5.0,0,C,0
457,0,0.0,7.0,0,C,0
458,3,0.0,8.0,0,R,1
459,0,0.0,5.0,0,C,0
460,0,0.4714045207910317,4.666666666666667,0,C,0
461,0,0.0,5.0,0,C,0
462,1,0.0,2.0,0,C,0
463,0,0.4714045207910317,4.666666666666667,0,C,0
464,0,0.4714045207910317,4.333333333333333,0,C,0
465,0,0.4714045207910317,6.333333333333333,0,C,0
466,0,0.0,4.0,0,C,0
467,2,0.4714045207910317,8.333333333333334,0,R,1
468,0,0.4714045207910317,3.333333333333333,0,C,0
469,2,0.4714045207910317,2.6666666666666665,0,R,1
470,1,0.0,5.0,0,C,0
471,0,0.4714045207910317,7.666666666666667,0,C,0
472,1,0.0,6.0,0,C,0
473,2,0.0,8.0,0,R,1
474,2,0.4714045207910317,3.6666666666666665,0,R,1
475,0,0.4714045207910317,2.6666666666666665,0,C,0
476,0,0.0,3.0,0,C,0
477,0,0.0,3.0,0,C,0
478,0,0.0,5.0,0,C,0
479,2,0.4714045207910317,2.6666666666666665,0,R,1
480,1,0.0,4.0,0,C,0
481,0,0.0,5.0,0,C,0
482,2,0.0,4.0,0,R,1
483,0,0.4714045207910317,3.6666666666666665,0,C,0
484,3,0.0,8.0,0,R,1
485,0,0.0,5.0,0,C,0
486,0,0.4714045207910317,6.333333333333333,0,C,0
487,0,0.4714045207910317,4.666666666666667,0,C,0
488,0,0.0,5.0,0,C,0
489,2,0.0,5.0,0,R,1
490,0,0.0,4.0,0,C,0
491,3,0.0,3.0,0,R,1
492,2,0.4714045207910317,5.666666666666667,0,R,1
493,0,0.4714045207910317,2.333333333333333,0,C,0
494,0,0.0,5.0,0,C,0
495,0,0.4714045207910317,4.333333333333333,0,C,0
496,1,0.0,4.0,0,C,0
497,2,0.4714045207910317,6.333333333333333,0,R,1
498,1,0.0,3.0,0,C,0
499,0,0.0,5.0,0,C,0
500,0,0.0,4.0,0,C,0
501,0,0.4714045207910317,6.333333333333333,0,C,0
502,1,0.4714045207910317,3.6666666666666665,0,C,0
503,2,0.4714045207910317,1.6666666666666667,0,R,1
504,0,0.4714045207910317,7.333333333333333,0,C,0
505,3,0.0,7.0,0,R,1
506,1,0.0,4.0,0,C,0
507,1,0.4714045207910317,3.6666666666666665,0,C,0
508,0,0.0,5.0,0,C,0
509,1,0.4714045207910317,6.333333333333333,0,C,0
510,2,0.4714045207910317,6.333333333333333,0,R,1
511,0,0.4714045207910317,5.333333333333333,0,C,0
512,1,0.0,5.0,0,C,0
513,1,0.0,4.0,0,C,0
514,0,0.4714045207910317,4.333333333333333,0,C,0
515,2,0.4714045207910317,5.666666666666667,0,R,1
516,1,0.0,5.0,0,C,0
517,2,0.4714045207910317,4.666666666666667,0,R,1
518,2,0.4714045207910317,4.666666666666667,0,R,1
519,1,0.0,3.0,0,C,0
520,1,0.4714045207910317,5.666666666666667,0,C,0
521,2,0.4714045207910317,4.333333333333333,0,R,1
522,2,0.4714045207910317,1.6666666666666667,0,R,1
523,1,0.0,3.0,0,C,0
524,3,0.4714045207910317,3.333333333333333,0,R,1
525,3,0.4714045207910317,1.3333333333333333,0,R,1
526,2,0.4714045207910317,5.666666666666667,0,R,1
527,1,0.4714045207910317,1.3333333333333333,0,C,0
528,0,0.0,3.0,0,C,0
529,2,0.4714045207910317,4.666666666666667,0,R,1
530,2,0.4714045207910317,4.333333333333333,0,R,1
531,1,0.4714045207910317,2.333333333333333,0,C,0
532,0,0.4714045207910317,3.6666666666666665,0,C,0
533,0,0.4714045207910317,4.333333333333333,0,C,0
534,1,0.0,4.0,0,C,0
535,1,0.0,5.0,0,C,0
536,2,0.0,7.0,0,R,1
537,0,0.4714045207910317,7.333333333333333,0,C,0
538,0,0.0,7.0,0,C,0
539,2,0.4714045207910317,5.333333333333333,0,R,1
540,1,0.0,5.0,0,C,0
541,2,0.4714045207910317,2.333333333333333,0,R,1
542,0,0.0,5.0,0,C,0
543,2,0.4714045207910317,3.6666666666666665,0,R,1
544,0,0.0,3.0,0,C,0
545,0,0.0,5.0,0,C,0
546,2,0.0,4.0,0,R,1
547,1,0.4714045207910317,4.666666666666667,0,C,0
548,2,0.4714045207910317,5.666666666666667,0,R,1
549,0,0.4714045207910317,3.6666666666666665,0,C,0
550,2,0.4714045207910317,4.666666666666667,0,R,1
551,1,0.0,4.0,0,C,0
552,0,0.0,6.0,0,C,0
553,2,0.816496580927726,2.0,0,R,1
554,1,0.0,6.0,0,C,0
555,2,0.816496580927726,6.0,0,R,1
556,1,0.4714045207910317,6.666666666666667,0,C,0
557,2,0.4714045207910317,6.333333333333333,0,R,1
558,0,0.0,5.0,0,C,0
559,1,0.0,3.0,0,C,0
560,2,0.4714045207910317,2.333333333333333,0,R,1
561,0,0.4714045207910317,3.6666666666666665,0,C,0
562,2,0.4714045207910317,5.666666666666667,0,R,1
563,1,0.4714045207910317,4.333333333333333,0,C,0
564,0,0.4714045207910317,5.333333333333333,0,C,0
565,1,0.4714045207910317,4.666666666666667,0,C,0
566,0,0.4714045207910317,7.333333333333333,0,C,0
567,1,0.4714045207910317,6.333333333333333,0,C,0
568,1,0.4714045207910317,7.333333333333333,0,C,0
569,1,0.4714045207910317,5.666666666666667,0,C,0
570,0,0.0,4.0,0,C,0
571,2,0.4714045207910317,2.333333333333333,0,R,1
572,1,0.0,4.0,0,C,0
573,3,0.4714045207910317,5.333333333333333,0,R,1
574,0,0.4714045207910317,4.333333333333333,0,C,0
575,2,0.4714045207910317,2.6666666666666665,0,R,1
576,3,0.4714045207910317,8.333333333333334,0,R,1
577,1,0.4714045207910317,7.666666666666667,0,C,0
578,0,0.0,5.0,0,C,0
579,2,0.4714045207910317,2.6666666666666665,0,R,1
580,1,0.0,3.0,0,C,0
581,1,0.0,6.0,0,C,0
582,0,0.0,3.0,0,C,0
583,1,0.0,2.0,0,C,0
584,0,0.4714045207910317,3.6666666666666665,0,C,0
585,3,0.4714045207910317,3.6666666666666665,0,R,1
586,1,0.4714045207910317,3.6666666666666665,0,C,0
587,1,0.4714045207910317,2.6666666666666665,0,C,0
588,0,0.816496580927726,5.0,0,C,1
589,2,0.0,7.0,0,R,1
590,0,0.4714045207910317,3.6666666666666665,0,C,0
591,1,0.0,6.0,0,C,0
592,2,0.0,3.0,0,R,1
593,0,0.4714045207910317,6.333333333333333,0,C,0
594,1,0.4714045207910317,4.333333333333333,0,C,0
595,3,0.816496580927726,5.0,0,R,1
596,3,0.4714045207910317,6.333333333333333,0,R,1
597,1,0.4714045207910317,3.6666666666666665,0,C,0
598,0,0.4714045207910317,5.333333333333333,0,C,0
599,1,0.0,6.0,0,C,0
600,2,0.4714045207910317,4.666666666666667,0,R,1
601,1,0.816496580927726,6.0,0,C,1
602,1,0.4714045207910317,3.6666666666666665,0,C,0
603,0,0.4714045207910317,4.666666666666667,0,C,0
604,1,0.0,2.0,0,C,0
605,1,0.4714045207910317,2.6666666666666665,0,C,0
606,2,0.0,8.0,0,R,1
607,0,0.4714045207910317,3.6666666666666665,0,C,0
608,0,0.4714045207910317,5.666666666666667,0,C,0
609,0,0.4714045207910317,5.666666666666667,0,C,0
610,1,0.0,4.0,0,C,0
611,2,0.816496580927726,6.0,0,R,1
612,0,0.0,4.0,0,C,0
613,0,0.4714045207910317,3.333333333333333,0,C,0
614,1,0.4714045207910317,4.333333333333333,0,C,0
615,0,0.4714045207910317,5.333333333333333,0,C,0
616,3,0.0,8.0,0,R,1
617,2,0.0,6.0,0,R,1
618,0,0.4714045207910317,4.666666666666667,0,C,0
619,2,0.4714045207910317,4.666666666666667,0,R,1
620,2,0.816496580927726,7.0,0,R,1
621,0,0.0,5.0,0,C,0
622,0,0.4714045207910317,3.6666666666666665,0,C,0
623,0,0.4714045207910317,4.333333333333333,0,C,0
624,3,0.9428090415820634,4.666666666666667,0,R,1
625,1,0.4714045207910317,2.333333333333333,0,C,0
626,2,0.4714045207910317,1.6666666666666667,0,R,1
627,0,0.0,5.0,0,C,0
628,1,0.4714045207910317,4.333333333333333,0,C,0
629,1,0.0,5.0,0,C,0
630,0,0.4714045207910317,4.666666666666667,0,C,0
631,1,0.0,7.0,0,C,0
632,1,0.4714045207910317,4.666666666666667,0,C,0
633,2,0.4714045207910317,4.333333333333333,0,R,1
634,0,0.0,6.0,0,C,0
635,0,0.4714045207910317,3.6666666666666665,0,C,0
636,2,0.4714045207910317,5.333333333333333,0,R,1
637,0,0.0,4.0,0,C,0
638,2,0.4714045207910317,3.6666666666666665,0,R,1
639,1,0.0,3.0,0,C,0
640,0,0.4714045207910317,7.666666666666667,0,C,0
641,1,0.4714045207910317,2.6666666666666665,0,C,0
642,2,0.0,9.0,0,R,1
643,0,0.4714045207910317,6.333333333333333,0,C,0
644,0,0.0,5.0,0,C,0
645,1,0.4714045207910317,7.333333333333333,0,C,0
646,1,0.0,5.0,0,C,0
647,0,0.0,5.0,0,C,0
648,1,0.0,5.0,0,C,0
649,3,0.4714045207910317,1.6666666666666667,0,R,1
650,3,0.4714045207910317,7.666666666666667,0,R,1
651,2,0.4714045207910317,3.333333333333333,0,R,1
652,0,0.4714045207910317,4.333333333333333,0,C,0
653,0,0.0,4.0,0,C,0
654,1,0.4714045207910317,5.333333333333333,0,C,0
655,0,0.4714045207910317,3.333333333333333,0,C,0
656,3,0.4714045207910317,2.6666666666666665,0,R,1
657,1,0.0,5.0,0,C,0
658,1,0.0,5.0,0,C,0
659,1,0.4714045207910317,4.666666666666667,0,C,0
660,1,0.4714045207910317,2.333333333333333,0,C,0
661,0,0.4714045207910317,5.666666666666667,0,C,0
662,1,0.4714045207910317,4.333333333333333,0,C,0
663,1,0.4714045207910317,4.666666666666667,0,C,0
664,1,0.4714045207910317,3.333333333333333,0,C,0
665,0,0.0,4.0,0,C,0
666,3,0.4714045207910317,4.666666666666667,0,R,1
667,1,0.0,5.0,0,C,0
668,0,0.4714045207910317,4.333333333333333,0,C,0
669,2,0.4714045207910317,5.333333333333333,0,R,1
670,0,0.4714045207910317,5.666666666666667,0,C,0
671,0,0.0,5.0,0,C,0
672,1,0.0,6.0,0,C,0
673,2,0.0,3.0,0,R,1
674,1,0.4714045207910317,3.6666666666666665,0,C,0
675,2,0.4714045207910317,5.333333333333333,0,R,1
676,1,0.0,5.0,0,C,0
677,0,0.0,5.0,0,C,0
678,0,0.4714045207910317,3.6666666666666665,0,C,0
679,0,0.4714045207910317,4.666666666666667,0,C,0
680,2,0.0,7.0,0,R,1
681,0,0.4714045207910317,6.333333333333333,0,C,0
682,2,0.4714045207910317,4.333333333333333,0,R,1
683,2,0.0,4.0,0,R,1
684,1,0.4714045207910317,5.333333333333333,0,C,0
685,2,0.4714045207910317,7.666666666666667,0,R,1
686,2,0.4714045207910317,4.666666666666667,0,R,1
687,1,0.0,3.0,0,C,0
688,1,0.0,4.0,0,C,0
689,2,0.4714045207910317,2.333333333333333,0,R,1
690,3,0.0,8.0,0,R,1
691,1,0.4714045207910317,4.666666666666667,0,C,0
692,1,0.4714045207910317,5.333333333333333,0,C,0
693,2,0.4714045207910317,6.333333333333333,0,R,1
694,0,0.0,5.0,0,C,0
695,0,0.0,4.0,0,C,0
696,2,0.4714045207910317,5.333333333333333,0,R,1
697,1,0.0,4.0,0,C,0
698,0,0.4714045207910317,2.6666666666666665,0,C,0
699,1,0.0,5.0,0,C,0
700,0,0.4714045207910317,4.666666666666667,0,C,0
701,1,0.4714045207910317,3.333333333333333,0,C,0
702,0,0.0,4.0,0,C,0
703,1,0.4714045207910317,5.333333333333333,0,C,0
704,0,0.4714045207910317,3.6666666666666665,0,C,0
705,1,0.0,5.0,0,C,0
706,2,0.4714045207910317,3.6666666666666665,0,R,1
707,1,0.4714045207910317,2.333333333333333,0,C,0
708,1,0.0,3.0,0,C,0
709,1,0.0,6.0,0,C,0
710,1,0.4714045207910317,2.6666666666666665,0,C,0
711,1,0.4714045207910317,5.333333333333333,0,C,0
712,1,0.0,4.0,0,C,0
713,0,0.4714045207910317,1.6666666666666667,0,C,0
714,0,0.4714045207910317,3.6666666666666665,0,C,0
715,0,0.4714045207910317,4.333333333333333,0,C,0
716,1,0.0,6.0,0,C,0
717,2,0.4714045207910317,3.6666666666666665,0,R,1
718,0,0.4714045207910317,2.6666666666666665,0,C,0
719,0,0.4714045207910317,4.666666666666667,0,C,0
720,0,0.4714045207910317,3.333333333333333,0,C,0
721,1,0.0,5.0,0,C,0
722,0,0.0,7.0,0,C,0
723,0,0.4714045207910317,4.333333333333333,0,C,0
724,2,0.4714045207910317,5.666666666666667,0,R,1
725,0,0.4714045207910317,3.6666666666666665,0,C,0
726,1,0.0,5.0,0,C,0
727,0,0.0,2.0,0,C,0
728,1,0.0,5.0,0,C,0
729,2,0.4714045207910317,3.6666666666666665,0,R,1
730,2,0.0,5.0,0,R,1
731,1,0.0,5.0,0,C,0
732,1,0.0,5.0,0,C,0
733,0,0.0,6.0,0,C,0
734,1,0.0,6.0,0,C,0
735,0,0.0,7.0,0,C,0
736,2,0.0,3.0,0,R,1
737,1,0.0,4.0,0,C,0
738,0,0.4714045207910317,7.666666666666667,0,C,0
739,1,0.0,5.0,0,C,0
740,1,0.4714045207910317,2.6666666666666665,0,C,0
741,0,0.0,5.0,0,C,0
742,2,0.0,4.0,0,R,1
743,1,0.4714045207910317,4.333333333333333,0,C,0
744,1,0.4714045207910317,5.333333333333333,0,C,0
745,0,0.4714045207910317,5.666666666666667,0,C,0
746,1,0.0,7.0,0,C,0
747,3,0.0,6.0,0,R,1
748,2,0.4714045207910317,6.333333333333333,0,R,1
749,0,0.0,2.0,0,C,0
750,0,0.4714045207910317,4.666666666666667,0,C,0
751,3,0.0,8.0,0,R,1
752,1,0.0,6.0,0,C,0
753,1,0.0,4.0,0,C,0
754,1,0.0,5.0,0,C,0
755,1,0.4714045207910317,6.666666666666667,0,C,0
756,0,0.0,5.0,0,C,0
757,1,0.0,5.0,0,C,0
758,1,0.4714045207910317,3.333333333333333,0,C,0
759,0,0.4714045207910317,3.333333333333333,0,C,0
760,0,0.4714045207910317,4.666666666666667,0,C,0
761,0,0.9428090415820634,5.333333333333333,0,C,1
762,0,0.4714045207910317,3.6666666666666665,0,C,0
763,1,0.9428090415820634,4.333333333333333,0,C,1
764,0,0.4714045207910317,3.333333333333333,0,C,0
765,2,0.4714045207910317,5.333333333333333,0,R,1
766,0,0.0,6.0,0,C,0
767,1,0.0,5.0,0,C,0
768,0,0.0,2.0,0,C,0
769,1,0.4714045207910317,4.333333333333333,0,C,0
770,3,0.9428090415820634,7.333333333333333,0,R,1
771,0,0.0,4.0,0,C,0
772,2,0.4714045207910317,4.666666666666667,0,R,1
773,0,0.4714045207910317,3.6666666666666665,0,C,0
774,1,0.4714045207910317,5.333333333333333,0,C,0
775,2,0.4714045207910317,3.333333333333333,0,R,1
776,2,0.4714045207910317,4.333333333333333,0,R,1
777,1,0.0,6.0,0,C,0
778,1,0.0,5.0,0,C,0
779,0,0.4714045207910317,2.333333333333333,0,C,0
780,1,0.4714045207910317,4.333333333333333,0,C,0
781,0,0.4714045207910317,4.666666666666667,0,C,0
782,0,0.4714045207910317,4.666666666666667,0,C,0
783,1,0.4714045207910317,4.666666666666667,0,C,0
784,1,0.0,5.0,0,C,0
785,2,0.4714045207910317,6.333333333333333,0,R,1
786,1,0.4714045207910317,5.333333333333333,0,C,0
787,3,0.0,5.0,0,R,1
788,1,0.4714045207910317,3.333333333333333,0,C,0
789,0,0.4714045207910317,4.666666666666667,0,C,0
790,2,0.4714045207910317,3.333333333333333,0,R,1
791,2,0.4714045207910317,5.333333333333333,0,R,1
792,0,0.0,5.0,0,C,0
794,0,0.4714045207910317,4.333333333333333,0,C,0
795,0,0.4714045207910317,3.6666666666666665,0,C,0
796,1,0.0,3.0,0,C,0
797,2,0.4714045207910317,5.666666666666667,0,R,1
798,1,1.247219128924647,3.6666666666666665,0,C,1
799,0,0.0,3.0,0,C,0
800,1,0.0,5.0,0,C,0
801,0,0.9428090415820634,5.333333333333333,0,C,1
802,1,0.0,6.0,0,C,0
803,2,0.0,7.0,0,R,1
804,3,0.816496580927726,7.0,0,R,1
805,2,0.0,4.0,0,R,1
806,0,0.4714045207910317,5.666666666666667,0,C,0
807,0,0.0,5.0,0,C,0
808,0,0.4714045207910317,3.6666666666666665,0,C,0
809,2,0.0,5.0,0,R,1
810,0,0.0,5.0,0,C,0
811,2,0.0,6.0,0,R,1
812,1,0.4714045207910317,4.333333333333333,0,C,0
813,0,0.4714045207910317,4.666666666666667,0,C,0
814,2,0.4714045207910317,1.6666666666666667,0,R,1
815,2,0.0,7.0,0,R,1
816,2,0.816496580927726,6.0,0,R,1
817,1,0.4714045207910317,6.333333333333333,0,C,0
818,1,0.4714045207910317,2.6666666666666665,0,C,0
819,1,0.4714045207910317,5.666666666666667,0,C,0
820,0,0.4714045207910317,6.333333333333333,0,C,0
821,0,0.4714045207910317,4.333333333333333,0,C,0
822,1,0.0,5.0,0,C,0
823,1,0.4714045207910317,3.6666666666666665,0,C,0
824,3,0.9428090415820634,3.6666666666666665,0,R,1
825,0,0.0,5.0,0,C,0
826,0,0.4714045207910317,3.333333333333333,0,C,0
827,2,0.9428090415820634,3.6666666666666665,0,R,1
828,0,0.4714045207910317,5.333333333333333,0,C,0
829,3,0.4714045207910317,4.666666666666667,0,R,1
830,2,0.4714045207910317,4.666666666666667,0,R,1
831,2,0.4714045207910317,2.333333333333333,0,R,1
832,1,0.4714045207910317,5.333333333333333,0,C,0
833,0,0.0,5.0,0,C,0
834,0,0.816496580927726,3.0,0,C,1
835,1,0.4714045207910317,4.333333333333333,0,C,0
836,0,0.9428090415820634,5.333333333333333,0,C,1
837,1,0.4714045207910317,3.333333333333333,0,C,0
838,0,0.4714045207910317,4.666666666666667,0,C,0
839,1,0.0,5.0,0,C,0
840,1,0.0,5.0,0,C,0
841,0,0.4714045207910317,4.333333333333333,0,C,0
842,1,0.0,3.0,0,C,0
843,2,0.4714045207910317,3.333333333333333,0,R,1
844,0,0.0,5.0,0,C,0
845,2,0.4714045207910317,4.333333333333333,0,R,1
846,2,0.4714045207910317,5.666666666666667,0,R,1
847,1,0.4714045207910317,2.6666666666666665,0,C,0
848,3,0.4714045207910317,7.666666666666667,0,R,1
849,0,0.0,5.0,0,C,0
850,1,0.4714045207910317,4.333333333333333,0,C,0
851,1,0.4714045207910317,5.666666666666667,0,C,0
852,2,0.0,5.0,0,R,1
853,0,0.0,5.0,0,C,0
854,3,0.0,5.0,0,R,1
855,0,0.0,4.0,0,C,0
856,1,0.0,4.0,0,C,0
857,0,0.0,6.0,0,C,0
858,3,0.0,7.0,0,R,1
859,0,0.4714045207910317,3.6666666666666665,0,C,0
860,0,0.816496580927726,6.0,0,C,1
861,1,0.816496580927726,3.0,0,C,1
862,2,0.4714045207910317,5.666666666666667,0,R,1
863,1,0.4714045207910317,3.333333333333333,0,C,0
864,3,0.0,8.0,0,R,1
865,2,0.4714045207910317,4.666666666666667,0,R,1
866,1,0.816496580927726,5.0,0,C,1
867,1,0.4714045207910317,5.333333333333333,0,C,0
868,0,0.0,6.0,0,C,0
869,0,0.0,2.0,0,C,0
870,3,0.4714045207910317,6.666666666666667,0,R,1
871,2,0.4714045207910317,7.333333333333333,0,R,1
872,1,0.4714045207910317,3.6666666666666665,0,C,0
873,0,0.9428090415820634,4.333333333333333,0,C,1
874,1,0.4714045207910317,5.666666666666667,0,C,0
875,0,0.4714045207910317,3.6666666666666665,0,C,0
876,0,0.4714045207910317,5.666666666666667,0,C,0
877,0,0.4714045207910317,3.6666666666666665,0,C,0
878,2,1.247219128924647,5.666666666666667,0,R,1
879,2,0.0,5.0,0,R,1
880,0,0.0,6.0,0,C,0
881,1,0.0,5.0,0,C,0
882,3,0.4714045207910317,6.666666666666667,0,R,1
883,1,0.4714045207910317,3.333333333333333,0,C,0
884,2,0.4714045207910317,4.333333333333333,0,R,1
885,2,0.4714045207910317,4.333333333333333,0,R,1
886,1,0.4714045207910317,4.666666666666667,0,C,0
887,0,0.4714045207910317,3.333333333333333,0,C,0
888,0,0.4714045207910317,6.666666666666667,0,C,0
889,1,0.4714045207910317,3.333333333333333,0,C,0
890,1,0.4714045207910317,4.333333333333333,0,C,0
891,1,0.4714045207910317,3.6666666666666665,0,C,0
892,0,0.4714045207910317,5.666666666666667,0,C,0
893,0,0.0,4.0,0,C,0
894,2,0.9428090415820634,7.333333333333333,0,R,1
895,2,0.4714045207910317,4.666666666666667,0,R,1
896,1,0.4714045207910317,5.333333333333333,0,C,0
897,1,0.4714045207910317,3.6666666666666665,0,C,0
898,3,0.4714045207910317,6.333333333333333,0,R,1
899,1,0.4714045207910317,5.666666666666667,0,C,0
900,1,0.4714045207910317,5.333333333333333,0,C,0
901,0,0.4714045207910317,4.666666666666667,0,C,0
902,1,0.0,1.0,0,C,0
903,1,0.4714045207910317,5.333333333333333,0,C,0
904,2,0.4714045207910317,4.333333333333333,0,R,1
905,0,0.4714045207910317,5.666666666666667,0,C,0
906,2,0.0,3.0,0,R,1
907,1,0.4714045207910317,4.333333333333333,0,C,0
908,0,0.4714045207910317,4.333333333333333,0,C,0
909,3,0.4714045207910317,7.333333333333333,0,R,1
910,2,0.4714045207910317,4.333333333333333,0,R,1
911,1,0.4714045207910317,5.666666666666667,0,C,0
912,1,0.4714045207910317,5.666666666666667,0,C,0
913,1,0.4714045207910317,4.666666666666667,0,C,0
914,1,0.0,5.0,0,C,0
915,2,0.4714045207910317,4.666666666666667,0,R,1
916,0,0.0,3.0,0,C,0
917,1,0.4714045207910317,5.666666666666667,0,C,0
918,2,0.4714045207910317,4.333333333333333,0,R,1
919,1,0.0,7.0,0,C,0
920,0,0.4714045207910317,4.666666666666667,0,C,0
921,1,0.0,5.0,0,C,0
922,0,0.4714045207910317,3.333333333333333,0,C,0
923,3,0.4714045207910317,5.333333333333333,0,R,1
924,0,0.0,5.0,0,C,0
925,0,0.0,3.0,0,C,0
926,1,0.4714045207910317,1.3333333333333333,0,C,0
927,1,0.4714045207910317,4.666666666666667,0,C,0
928,0,0.0,4.0,0,C,0
929,2,0.0,4.0,0,R,1
930,2,0.4714045207910317,6.666666666666667,0,R,1
931,0,0.0,4.0,0,C,0
932,1,0.0,7.0,0,C,0
933,0,0.4714045207910317,4.333333333333333,0,C,0
934,1,0.4714045207910317,3.6666666666666665,0,C,0
935,1,0.4714045207910317,3.333333333333333,0,C,0
936,1,0.0,7.0,0,C,0
937,0,0.0,4.0,0,C,0
938,0,0.4714045207910317,3.6666666666666665,0,C,0
939,0,0.4714045207910317,6.666666666666667,0,C,0
940,0,0.4714045207910317,3.333333333333333,0,C,0
941,2,0.4714045207910317,4.666666666666667,0,R,1
942,0,0.4714045207910317,4.333333333333333,0,C,0
943,1,0.4714045207910317,6.666666666666667,0,C,0
944,0,0.0,4.0,0,C,0
945,0,0.0,4.0,0,C,0
946,1,0.4714045207910317,3.6666666666666665,0,C,0
947,0,0.4714045207910317,3.333333333333333,0,C,0
948,1,0.0,4.0,0,C,0
949,3,0.4714045207910317,8.666666666666666,0,R,1
950,1,0.4714045207910317,4.666666666666667,0,C,0
951,1,0.4714045207910317,4.666666666666667,0,C,0
952,0,0.4714045207910317,3.333333333333333,0,C,0
953,0,0.0,6.0,0,C,0
954,2,0.4714045207910317,4.666666666666667,0,R,1
955,0,0.4714045207910317,4.666666666666667,0,C,0
956,2,0.4714045207910317,7.333333333333333,0,R,1
957,2,0.4714045207910317,4.666666666666667,0,R,1
958,2,0.0,7.0,0,R,1
959,0,0.4714045207910317,4.333333333333333,0,C,0
960,3,0.4714045207910317,5.333333333333333,0,R,1
961,2,0.0,6.0,0,R,1
962,2,0.4714045207910317,5.333333333333333,0,R,1
963,1,0.0,5.0,0,C,0
964,2,0.4714045207910317,5.333333333333333,0,R,1
965,0,0.4714045207910317,2.333333333333333,0,C,0
966,1,0.4714045207910317,4.666666666666667,0,C,0
967,0,0.4714045207910317,4.666666666666667,0,C,0
968,0,0.4714045207910317,5.666666666666667,0,C,0
969,2,1.247219128924647,4.666666666666667,0,R,1
970,0,0.0,5.0,0,C,0
971,1,0.4714045207910317,4.333333333333333,0,C,0
972,3,0.4714045207910317,6.333333333333333,0,R,1
973,0,0.0,5.0,0,C,0
974,0,0.0,7.0,0,C,0
975,0,0.4714045207910317,5.666666666666667,0,C,0
976,2,0.816496580927726,7.0,0,R,1
977,1,0.4714045207910317,5.666666666666667,0,C,0
978,1,0.4714045207910317,3.333333333333333,0,C,0
979,1,0.816496580927726,5.0,0,C,1
980,1,0.4714045207910317,3.6666666666666665,0,C,0
981,0,0.4714045207910317,6.333333333333333,0,C,0
982,0,0.0,4.0,0,C,0
983,1,0.4714045207910317,5.666666666666667,0,C,0
984,2,0.0,7.0,0,R,1
985,2,0.0,5.0,0,R,1
986,1,0.4714045207910317,5.666666666666667,0,C,0
987,1,0.4714045207910317,3.6666666666666665,0,C,0
988,1,0.0,6.0,0,C,0
989,1,0.4714045207910317,5.666666666666667,0,C,0
990,1,0.9428090415820634,4.666666666666667,0,C,1
991,0,0.0,4.0,0,C,0
992,1,0.4714045207910317,3.6666666666666665,0,C,0
993,1,0.0,5.0,0,C,0
994,2,0.0,9.0,0,R,1
995,0,0.0,5.0,0,C,0
996,1,0.0,4.0,0,C,0
997,0,0.0,4.0,0,C,0
998,2,0.0,5.0,0,R,1
999,2,0.4714045207910317,6.333333333333333,0,R,1
1000,1,0.4714045207910317,3.333333333333333,0,C,0
1001,1,0.0,6.0,0,C,0
1002,0,0.4714045207910317,4.333333333333333,0,C,0
1003,0,0.4714045207910317,2.6666666666666665,0,C,0
1004,1,0.4714045207910317,2.333333333333333,0,C,0
1005,1,0.4714045207910317,4.666666666666667,0,C,0
1006,0,0.4714045207910317,6.666666666666667,0,C,0
1007,1,0.0,4.0,0,C,0
1008,1,0.0,4.0,0,C,0
1009,0,0.0,6.0,0,C,0
1010,1,0.0,3.0,0,C,0
1011,3,0.4714045207910317,7.666666666666667,0,R,1
1012,2,0.4714045207910317,5.333333333333333,0,R,1
1013,1,0.0,5.0,0,C,0
1014,2,0.4714045207910317,3.6666666666666665,0,R,1
1015,1,0.4714045207910317,5.333333333333333,0,C,0
1016,3,0.4714045207910317,6.333333333333333,0,R,1
1017,0,0.0,3.0,0,C,0
1018,0,0.4714045207910317,3.6666666666666665,0,C,0
1019,0,0.4714045207910317,2.333333333333333,0,C,0
1020,0,0.0,3.0,0,C,0
1021,1,0.4714045207910317,5.666666666666667,0,C,0
1022,1,0.4714045207910317,7.666666666666667,0,C,0
1023,2,0.0,1.0,0,R,1
1024,1,0.4714045207910317,3.6666666666666665,0,C,0
1025,2,0.4714045207910317,6.333333333333333,0,R,1
1026,0,0.0,5.0,0,C,0
1027,1,0.0,4.0,0,C,0
1028,0,0.0,3.0,0,C,0
1029,0,0.4714045207910317,4.666666666666667,0,C,0
1030,1,0.4714045207910317,6.666666666666667,0,C,0
1031,1,0.0,5.0,0,C,0
1032,1,0.0,4.0,0,C,0
1033,2,0.4714045207910317,5.666666666666667,0,R,1
1034,2,0.0,4.0,0,R,1
1035,0,0.0,4.0,0,C,0
1036,1,0.0,1.0,0,C,0
1037,1,0.0,4.0,0,C,0
1038,1,0.0,6.0,0,C,0
1039,0,0.4714045207910317,4.333333333333333,0,C,0
1040,1,0.0,4.0,0,C,0
1041,0,0.0,5.0,0,C,0
1042,2,0.4714045207910317,5.666666666666667,0,R,1
1043,0,0.0,4.0,0,C,0
1044,3,0.0,8.0,0,R,1
1045,1,0.4714045207910317,6.333333333333333,0,C,0
1046,1,0.0,4.0,0,C,0
1047,0,0.0,6.0,0,C,0
1048,2,0.4714045207910317,2.6666666666666665,0,R,1
1049,0,0.4714045207910317,5.333333333333333,0,C,0
1050,0,0.0,5.0,0,C,0
1051,1,0.4714045207910317,6.333333333333333,0,C,0
1052,0,0.0,4.0,0,C,0
1053,1,0.0,5.0,0,C,0
1054,2,0.0,3.0,0,R,1
1055,0,0.4714045207910317,2.6666666666666665,0,C,0
1056,1,0.4714045207910317,5.666666666666667,0,C,0
1057,1,0.0,4.0,0,C,0
1058,0,0.0,5.0,0,C,0
1059,0,0.0,5.0,0,C,0
1060,2,0.0,4.0,0,R,1
1061,2,0.0,5.0,0,R,1
1062,1,0.4714045207910317,5.666666666666667,0,C,0
1063,0,0.0,6.0,0,C,0
1064,0,0.0,5.0,0,C,0
1065,2,0.4714045207910317,5.333333333333333,0,R,1
1066,0,0.4714045207910317,4.666666666666667,0,C,0
1067,0,0.0,5.0,0,C,0
1068,1,0.0,6.0,0,C,0
1069,1,0.0,7.0,0,C,0
1070,2,0.0,5.0,0,R,1
1071,1,0.4714045207910317,7.666666666666667,0,C,0
1072,0,0.0,4.0,0,C,0
1073,0,0.4714045207910317,4.666666666666667,0,C,0
1074,0,0.0,3.0,0,C,0
1075,1,0.0,6.0,0,C,0
1076,3,0.4714045207910317,5.333333333333333,0,R,1
1077,0,0.0,4.0,0,C,0
1078,1,0.4714045207910317,5.333333333333333,0,C,0
1079,0,0.0,3.0,0,C,0
1080,0,0.4714045207910317,2.333333333333333,0,C,0
1081,2,0.0,1.0,0,R,1
1082,0,0.4714045207910317,4.333333333333333,0,C,0
1083,0,0.0,7.0,0,C,0
1084,1,0.816496580927726,6.0,0,C,1
1085,1,0.0,3.0,0,C,0
1086,1,0.4714045207910317,4.333333333333333,0,C,0
1087,2,0.0,6.0,0,R,1
1088,0,0.0,5.0,0,C,0
1089,0,0.4714045207910317,3.6666666666666665,0,C,0
1090,2,0.4714045207910317,4.666666666666667,0,R,1
1091,0,0.4714045207910317,2.6666666666666665,0,C,0
1092,2,0.4714045207910317,6.333333333333333,0,R,1
1093,0,0.4714045207910317,3.6666666666666665,0,C,0
1094,1,0.4714045207910317,4.333333333333333,0,C,0
1095,0,0.0,5.0,0,C,0
1096,1,0.0,4.0,0,C,0
1097,0,0.0,4.0,0,C,0
1098,0,0.4714045207910317,3.333333333333333,0,C,0
1099,0,0.4714045207910317,4.666666666666667,0,C,0
1100,1,0.4714045207910317,4.666666666666667,0,C,0
1101,0,0.0,4.0,0,C,0
1102,3,0.0,9.0,0,R,1
1103,0,0.0,4.0,0,C,0
1104,2,0.9428090415820634,5.333333333333333,0,R,1
1105,2,0.0,4.0,0,R,1
1106,0,0.4714045207910317,4.333333333333333,0,C,0
1107,2,0.0,4.0,0,R,1
1108,2,0.4714045207910317,3.6666666666666665,0,R,1
1109,1,0.4714045207910317,2.333333333333333,0,C,0
1110,3,0.0,5.0,0,R,1
1111,0,0.4714045207910317,4.333333333333333,0,C,0
1112,0,0.0,5.0,0,C,0
1113,1,0.4714045207910317,3.333333333333333,0,C,0
1114,0,0.4714045207910317,4.333333333333333,0,C,0
1115,1,0.0,4.0,0,C,0
1116,3,0.4714045207910317,7.333333333333333,0,R,1
1117,0,0.0,6.0,0,C,0
1118,1,0.0,6.0,0,C,0
1119,0,0.4714045207910317,5.333333333333333,0,C,0
1120,0,0.0,5.0,0,C,0
1121,0,0.4714045207910317,7.333333333333333,0,C,0
1122,2,0.0,7.0,0,R,1
1123,0,0.4714045207910317,5.333333333333333,0,C,0
1124,1,0.4714045207910317,5.333333333333333,0,C,0
1125,0,0.4714045207910317,2.333333333333333,0,C,0
1126,0,0.4714045207910317,6.666666666666667,0,C,0
1127,2,0.4714045207910317,4.333333333333333,0,R,1
1128,3,0.4714045207910317,7.333333333333333,0,R,1
1129,1,0.0,3.0,0,C,0
1130,1,0.816496580927726,3.0,0,C,1
1131,2,0.0,5.0,0,R,1
1132,0,0.4714045207910317,4.333333333333333,0,C,0
1133,0,0.4714045207910317,6.666666666666667,0,C,0
1134,0,0.4714045207910317,4.666666666666667,0,C,0
1135,1,0.0,6.0,0,C,0
1136,1,0.0,4.0,0,C,0
1137,0,0.4714045207910317,4.666666666666667,0,C,0
1138,0,0.0,4.0,0,C,0
1139,0,0.0,3.0,0,C,0
1140,1,0.0,3.0,0,C,0
1141,2,0.0,4.0,0,R,1
1142,2,0.4714045207910317,2.6666666666666665,0,R,1
1143,2,0.0,5.0,0,R,1
1144,1,0.0,5.0,0,C,0
1145,1,0.0,6.0,0,C,0
1146,1,0.0,4.0,0,C,0
1147,0,0.0,7.0,0,C,0
1148,2,0.4714045207910317,8.333333333333334,0,R,1
1149,0,0.0,4.0,0,C,0
1150,1,0.0,5.0,0,C,0
1151,0,0.0,4.0,0,C,0
1152,0,0.4714045207910317,3.333333333333333,0,C,0
1153,0,0.4714045207910317,3.6666666666666665,0,C,0
1154,2,0.0,5.0,0,R,1
1155,2,0.0,5.0,0,R,1
1156,1,0.4714045207910317,4.666666666666667,0,C,0
1157,0,0.0,6.0,0,C,0
1158,1,0.0,4.0,0,C,0
1159,0,0.0,6.0,0,C,0
1160,0,0.0,7.0,0,C,0
1161,0,0.0,5.0,0,C,0
1162,0,0.0,4.0,0,C,0
1163,1,0.0,6.0,0,C,0
1164,3,0.0,5.0,0,R,1
1165,0,0.4714045207910317,3.6666666666666665,0,C,0
1166,1,0.0,4.0,0,C,0
1167,1,0.0,5.0,0,C,0
1168,0,0.0,4.0,0,C,0
1169,1,0.4714045207910317,3.6666666666666665,0,C,0
1170,0,0.4714045207910317,3.6666666666666665,0,C,0
1171,1,0.4714045207910317,3.6666666666666665,0,C,0
1172,1,0.4714045207910317,3.333333333333333,0,C,0
1173,1,0.0,5.0,0,C,0
1174,1,0.4714045207910317,6.333333333333333,0,C,0
1175,0,0.0,6.0,0,C,0
1176,1,0.4714045207910317,4.333333333333333,0,C,0
1177,0,0.0,5.0,0,C,0
1178,1,0.0,4.0,0,C,0
1179,1,0.0,5.0,0,C,0
1180,1,0.0,3.0,0,C,0
1181,2,0.0,4.0,0,R,1
1182,1,0.4714045207910317,2.333333333333333,0,C,0
1183,2,0.4714045207910317,3.333333333333333,0,R,1
1184,3,0.0,6.0,0,R,1
1185,2,0.4714045207910317,5.333333333333333,0,R,1
1186,2,0.0,5.0,0,R,1
1187,1,0.4714045207910317,4.333333333333333,0,C,0
1188,1,0.0,4.0,0,C,0
1189,0,0.4714045207910317,3.333333333333333,0,C,0
1190,0,0.4714045207910317,4.333333333333333,0,C,0
1191,1,0.0,4.0,0,C,0
1192,0,0.4714045207910317,3.333333333333333,0,C,0
1193,0,0.0,6.0,0,C,0
1194,2,0.816496580927726,7.0,0,R,1
1195,1,0.4714045207910317,5.333333333333333,0,C,0
1196,0,0.0,4.0,0,C,0
1197,0,0.4714045207910317,4.666666666666667,0,C,0
1198,2,0.4714045207910317,5.333333333333333,0,R,1
1199,3,0.0,7.0,0,R,1
1200,2,0.0,5.0,0,R,1
1201,1,0.4714045207910317,2.333333333333333,0,C,0
1202,0,0.0,5.0,0,C,0
1203,3,0.4714045207910317,7.333333333333333,0,R,1
1204,1,0.4714045207910317,5.333333333333333,0,C,0
1205,2,0.816496580927726,5.0,0,R,1
1206,0,0.0,4.0,0,C,0
1207,1,0.4714045207910317,3.333333333333333,0,C,0
1208,0,0.4714045207910317,3.333333333333333,0,C,0
1209,0,0.0,5.0,0,C,0
1210,0,0.4714045207910317,4.333333333333333,0,C,0
1211,1,0.4714045207910317,2.6666666666666665,0,C,0
1212,2,0.4714045207910317,3.6666666666666665,0,R,1
1213,2,0.4714045207910317,6.666666666666667,0,R,1
1214,1,0.4714045207910317,7.333333333333333,0,C,0
1215,1,0.0,7.0,0,C,0
1216,2,0.0,3.0,0,R,1
1217,0,0.4714045207910317,3.333333333333333,0,C,0
1218,1,0.4714045207910317,4.666666666666667,0,C,0
1219,3,0.816496580927726,7.0,0,R,1
1220,0,0.4714045207910317,5.333333333333333,0,C,0
1221,2,0.816496580927726,6.0,0,R,1
1222,0,0.4714045207910317,3.6666666666666665,0,C,0
1223,2,0.4714045207910317,4.333333333333333,0,R,1
1224,1,0.4714045207910317,4.333333333333333,0,C,0
1225,0,0.0,4.0,0,C,0
1226,1,0.4714045207910317,3.333333333333333,0,C,0
1227,1,0.0,6.0,0,C,0
1228,3,0.4714045207910317,7.666666666666667,0,R,1
1229,1,0.816496580927726,7.0,0,C,1
1230,2,0.9428090415820634,2.333333333333333,0,R,1
1231,1,0.4714045207910317,5.666666666666667,0,C,0
1232,2,0.4714045207910317,3.6666666666666665,0,R,1
1233,0,0.4714045207910317,4.666666666666667,0,C,0
1234,1,0.4714045207910317,4.666666666666667,0,C,0
1235,1,0.0,4.0,0,C,0
1236,0,0.4714045207910317,6.666666666666667,0,C,0
1237,3,0.4714045207910317,7.333333333333333,0,R,1
1238,2,0.9428090415820634,5.333333333333333,0,R,1
1239,1,0.9428090415820634,4.666666666666667,0,C,1
1240,1,0.4714045207910317,1.3333333333333333,0,C,0
1241,1,0.4714045207910317,5.666666666666667,0,C,0
1242,1,0.0,3.0,0,C,0
1243,2,0.4714045207910317,6.333333333333333,0,R,1
1244,0,0.0,7.0,0,C,0
1245,1,0.816496580927726,3.0,0,C,1
1246,2,0.4714045207910317,3.333333333333333,0,R,1
1247,0,0.0,3.0,0,C,0
1248,2,1.8856180831641267,5.666666666666667,0,R,1
1249,0,0.0,3.0,0,C,0
1250,3,0.0,6.0,0,R,1
1251,0,0.0,4.0,0,C,0
1252,0,0.0,4.0,0,C,0
1253,1,0.4714045207910317,4.666666666666667,0,C,0
1254,0,0.4714045207910317,4.333333333333333,0,C,0
1255,1,0.0,4.0,0,C,0
1256,2,0.4714045207910317,6.333333333333333,0,R,1
1257,0,0.4714045207910317,5.666666666666667,0,C,0
1258,2,0.4714045207910317,4.333333333333333,0,R,1
1259,1,0.4714045207910317,4.666666666666667,0,C,0
1260,2,0.0,3.0,0,R,1
1261,0,0.0,3.0,0,C,0
1262,2,0.0,4.0,0,R,1
1263,1,0.0,5.0,0,C,0
1264,2,0.0,8.0,0,R,1
1265,1,0.0,7.0,0,C,0
1266,2,0.4714045207910317,7.666666666666667,0,R,1
1267,3,0.4714045207910317,4.666666666666667,0,R,1
1268,0,0.0,5.0,0,C,0
1269,0,0.4714045207910317,4.333333333333333,0,C,0
1270,2,0.4714045207910317,7.666666666666667,0,R,1
1271,-1,0.0,3.0,0,C,0
1272,1,0.0,6.0,0,C,0
1273,2,0.4714045207910317,6.666666666666667,0,R,1
1274,1,0.4714045207910317,5.666666666666667,0,C,0
1275,0,0.4714045207910317,6.333333333333333,0,C,0
1276,2,0.0,5.0,0,R,1
1277,0,0.4714045207910317,5.666666666666667,0,C,0
1278,1,0.9428090415820634,3.333333333333333,0,C,1
1279,0,0.4714045207910317,5.333333333333333,0,C,0
1280,1,0.4714045207910317,4.666666666666667,0,C,0
1281,1,0.4714045207910317,4.333333333333333,0,C,0
1282,2,0.4714045207910317,4.666666666666667,0,R,1
1283,3,0.4714045207910317,7.666666666666667,0,R,1
1284,0,0.816496580927726,4.0,0,C,1
1285,3,1.247219128924647,4.666666666666667,0,R,1
1286,0,0.4714045207910317,3.6666666666666665,0,C,0
1287,1,0.4714045207910317,6.666666666666667,0,C,0
1288,0,0.4714045207910317,5.666666666666667,0,C,0
1289,0,0.0,5.0,0,C,0
1290,2,1.4142135623730951,6.0,0,R,1
1291,2,0.4714045207910317,6.666666666666667,0,R,1
1292,1,0.9428090415820634,6.333333333333333,0,C,1
1293,0,0.4714045207910317,5.666666666666667,0,C,0
1294,0,0.0,6.0,0,C,0
1295,0,0.4714045207910317,6.666666666666667,0,C,0
1296,2,0.4714045207910317,5.333333333333333,0,R,1
1297,1,0.4714045207910317,2.6666666666666665,0,C,0
1298,0,0.0,3.0,0,C,0
1299,0,0.4714045207910317,3.333333333333333,0,C,0
1300,1,0.4714045207910317,2.333333333333333,0,C,0
1301,2,0.4714045207910317,5.333333333333333,0,R,1
1302,1,0.0,7.0,0,C,0
1303,0,0.9428090415820634,4.333333333333333,0,C,1
1304,1,0.9428090415820634,4.333333333333333,0,C,1
1305,2,0.4714045207910317,3.333333333333333,0,R,1
1306,3,0.9428090415820634,4.333333333333333,0,R,1
1307,0,0.0,3.0,0,C,0
1308,1,0.4714045207910317,5.666666666666667,0,C,0
1309,1,0.816496580927726,5.0,0,C,1
1310,3,0.4714045207910317,6.666666666666667,0,R,1
1311,0,0.4714045207910317,7.333333333333333,0,C,0
1312,2,0.0,6.0,0,R,1
1313,1,0.0,3.0,0,C,0
1314,1,0.4714045207910317,3.333333333333333,0,C,0
1315,0,0.0,3.0,0,C,0
1316,3,0.0,7.0,0,R,1
1317,1,0.0,4.0,0,C,0
1318,3,0.4714045207910317,4.666666666666667,0,R,1
1319,1,1.699673171197595,5.333333333333333,0,C,1
1320,1,0.4714045207910317,5.333333333333333,0,C,0
1321,2,1.8856180831641267,3.6666666666666665,0,R,1
1322,0,0.0,3.0,0,C,0
1323,1,0.4714045207910317,6.666666666666667,0,C,0
1324,0,0.4714045207910317,5.333333333333333,0,C,0
1325,2,0.4714045207910317,3.6666666666666665,0,R,1
1326,2,0.4714045207910317,7.333333333333333,0,R,1
1327,1,0.0,2.0,0,C,0
1328,2,0.4714045207910317,6.333333333333333,0,R,1
1329,0,0.0,3.0,0,C,0
1330,2,0.816496580927726,5.0,0,R,1
1331,0,0.4714045207910317,4.666666666666667,0,C,0
1332,1,0.4714045207910317,5.666666666666667,0,C,0
1333,0,0.0,5.0,0,C,0
1334,1,0.0,4.0,0,C,0
1335,2,0.816496580927726,3.0,0,R,1
1336,1,1.247219128924647,3.6666666666666665,0,C,1
1337,1,0.4714045207910317,5.333333333333333,0,C,0
1338,2,0.4714045207910317,3.333333333333333,0,R,1
1339,0,0.0,4.0,0,C,0
1340,0,0.4714045207910317,4.666666666666667,0,C,0
1341,2,0.0,7.0,0,R,1
1343,0,0.4714045207910317,2.6666666666666665,0,C,0
1344,1,0.4714045207910317,5.333333333333333,0,C,0
1345,2,0.4714045207910317,7.666666666666667,0,R,1
1346,2,0.4714045207910317,6.333333333333333,0,R,1
1347,0,0.4714045207910317,3.333333333333333,0,C,0
1348,1,0.0,6.0,0,C,0
1349,0,0.0,5.0,0,C,0
1350,3,0.4714045207910317,7.666666666666667,0,R,1
1351,1,0.0,7.0,0,C,0
1352,2,0.4714045207910317,6.333333333333333,0,R,1
1353,0,0.4714045207910317,4.333333333333333,0,C,0
1354,1,0.0,4.0,0,C,0
1355,2,0.816496580927726,7.0,0,R,1
1356,2,0.4714045207910317,6.333333333333333,0,R,1
1357,1,0.4714045207910317,4.666666666666667,0,C,0
1358,2,0.4714045207910317,5.666666666666667,0,R,1
1359,1,0.4714045207910317,5.333333333333333,0,C,0
1360,1,0.4714045207910317,5.333333333333333,0,C,0
1361,0,0.0,5.0,0,C,0
1362,0,0.0,5.0,0,C,0
1363,2,0.0,8.0,0,R,1
1364,0,0.4714045207910317,3.333333333333333,0,C,0
1365,1,0.0,3.0,0,C,0
1366,0,0.4714045207910317,4.666666666666667,0,C,0
1367,1,0.4714045207910317,3.333333333333333,0,C,0
1368,0,0.4714045207910317,3.6666666666666665,0,C,0
1369,2,0.4714045207910317,6.333333333333333,0,R,1
1370,0,0.4714045207910317,2.333333333333333,0,C,0
1371,1,0.9428090415820634,3.6666666666666665,0,C,1
1372,1,0.0,5.0,0,C,0
1373,2,0.4714045207910317,5.666666666666667,0,R,1
1374,3,0.4714045207910317,6.333333333333333,0,R,1
1375,1,0.0,5.0,0,C,0
1376,2,0.4714045207910317,4.333333333333333,0,R,1
1377,2,0.4714045207910317,4.666666666666667,0,R,1
1378,3,0.0,6.0,0,R,1
1379,1,0.4714045207910317,5.333333333333333,0,C,0
1380,0,0.816496580927726,4.0,0,C,1
1381,0,0.0,5.0,0,C,0
1382,0,0.4714045207910317,4.333333333333333,0,C,0
1383,2,0.4714045207910317,4.333333333333333,0,R,1
1384,1,0.0,7.0,0,C,0
1385,3,0.0,3.0,0,R,1
1386,1,0.4714045207910317,4.333333333333333,0,C,0
1387,0,0.4714045207910317,3.6666666666666665,0,C,0
1388,2,0.4714045207910317,1.6666666666666667,0,R,1
1389,3,0.4714045207910317,7.666666666666667,0,R,1
1390,1,0.4714045207910317,4.666666666666667,0,C,0
1391,2,0.4714045207910317,6.666666666666667,0,R,1
1392,1,0.4714045207910317,3.6666666666666665,0,C,0
1393,2,0.0,8.0,0,R,1
1394,2,0.0,5.0,0,R,1
1395,3,0.4714045207910317,6.666666666666667,0,R,1
1396,3,0.0,8.0,0,R,1
1397,0,0.0,4.0,0,C,0
1398,1,0.4714045207910317,5.333333333333333,0,C,0
1399,2,0.4714045207910317,7.666666666666667,0,R,1
1400,0,0.0,5.0,0,C,0
1401,3,0.0,7.0,0,R,1
1402,1,0.4714045207910317,2.6666666666666665,0,C,0
1403,1,0.0,6.0,0,C,0
1404,0,0.4714045207910317,7.333333333333333,0,C,0
1405,3,0.0,8.0,0,R,1
1406,1,0.4714045207910317,6.333333333333333,0,C,0
1407,1,0.0,7.0,0,C,0
1408,1,0.0,4.0,0,C,0
1409,2,0.4714045207910317,7.333333333333333,0,R,1
1410,1,0.4714045207910317,3.6666666666666665,0,C,0
1411,2,0.4714045207910317,3.6666666666666665,0,R,1
1412,2,0.4714045207910317,4.666666666666667,0,R,1
1413,2,0.0,8.0,0,R,1
1414,0,0.4714045207910317,3.6666666666666665,0,C,0
1415,2,0.4714045207910317,4.333333333333333,0,R,1
1416,0,0.4714045207910317,5.333333333333333,0,C,0
1417,0,0.0,4.0,0,C,0
1418,0,0.0,4.0,0,C,0
1419,0,0.4714045207910317,4.333333333333333,0,C,0
1420,0,0.0,6.0,0,C,0
1421,1,0.4714045207910317,4.666666666666667,0,C,0
1422,3,0.0,8.0,0,R,1
1423,0,0.4714045207910317,4.666666666666667,0,C,0
1424,2,0.0,1.0,0,R,1
1425,1,0.0,3.0,0,C,0
1426,0,0.0,4.0,0,C,0
1427,2,0.0,4.0,0,R,1
1428,0,0.4714045207910317,2.333333333333333,0,C,0
1429,1,0.0,4.0,0,C,0
1430,1,0.0,6.0,0,C,0
1431,0,0.4714045207910317,3.333333333333333,0,C,0
1432,1,0.4714045207910317,5.333333333333333,0,C,0
1433,1,0.0,4.0,0,C,0
1434,0,0.0,4.0,0,C,0
1435,1,0.4714045207910317,4.333333333333333,0,C,0
1436,1,0.4714045207910317,4.333333333333333,0,C,0
1437,0,0.0,3.0,0,C,0
1438,0,0.0,4.0,0,C,0
1439,2,0.0,5.0,0,R,1
1440,2,0.4714045207910317,4.333333333333333,0,R,1
1441,2,0.4714045207910317,7.666666666666667,0,R,1
1442,0,0.4714045207910317,5.666666666666667,0,C,0
1443,1,0.4714045207910317,5.333333333333333,0,C,0
1444,2,0.4714045207910317,3.333333333333333,0,R,1
1445,1,0.0,5.0,0,C,0
1446,2,0.4714045207910317,5.666666666666667,0,R,1
1447,1,0.4714045207910317,7.333333333333333,0,C,0
1448,2,0.4714045207910317,5.333333333333333,0,R,1
1449,1,0.4714045207910317,3.6666666666666665,0,C,0
1450,1,0.0,7.0,0,C,0
1451,1,0.0,7.0,0,C,0
1452,0,0.0,3.0,0,C,0
1453,3,0.4714045207910317,8.666666666666666,0,R,1
1454,0,0.4714045207910317,5.666666666666667,0,C,0
1455,0,0.0,4.0,0,C,0
1456,2,0.4714045207910317,3.6666666666666665,0,R,1
1457,1,0.4714045207910317,3.333333333333333,0,C,0
1458,2,0.4714045207910317,5.666666666666667,0,R,1
1459,2,0.4714045207910317,4.666666666666667,0,R,1
1460,1,0.0,7.0,0,C,0
1461,3,0.0,7.0,0,R,1
1462,1,0.0,5.0,0,C,0
1463,1,0.0,6.0,0,C,0
1464,1,0.0,4.0,0,C,0
1465,1,0.4714045207910317,3.333333333333333,0,C,0
1466,3,0.4714045207910317,7.333333333333333,0,R,1
1467,0,0.0,5.0,0,C,0
1468,1,0.0,6.0,0,C,0
1469,0,0.0,4.0,0,C,0
1470,2,0.0,6.0,0,R,1
1471,3,0.0,4.0,0,R,1
1472,1,0.4714045207910317,3.333333333333333,0,C,0
1473,0,0.816496580927726,5.0,0,C,1
1474,3,0.4714045207910317,7.333333333333333,0,R,1
1475,0,0.4714045207910317,3.333333333333333,0,C,0
1476,2,0.0,8.0,0,R,1
1477,1,0.4714045207910317,5.666666666666667,0,C,0
1478,3,0.4714045207910317,6.333333333333333,0,R,1
1479,0,0.4714045207910317,3.6666666666666665,0,C,0
1480,1,0.0,4.0,0,C,0
1481,1,0.4714045207910317,6.333333333333333,0,C,0
1482,1,0.4714045207910317,3.333333333333333,0,C,0
1483,1,0.4714045207910317,3.6666666666666665,0,C,0
1484,1,0.4714045207910317,5.666666666666667,0,C,0
1485,1,0.4714045207910317,7.333333333333333,0,C,0
1486,0,0.4714045207910317,5.666666666666667,0,C,0
1487,0,0.0,5.0,0,C,0
1488,1,0.9428090415820634,4.666666666666667,0,C,1
1489,0,0.4714045207910317,7.333333333333333,0,C,0
1490,1,0.0,4.0,0,C,0
1491,0,0.0,5.0,0,C,0
1492,2,0.4714045207910317,1.3333333333333333,0,R,1
1493,0,0.0,5.0,0,C,0
1494,0,0.4714045207910317,5.333333333333333,0,C,0
1495,1,0.0,5.0,0,C,0
1496,0,0.4714045207910317,5.333333333333333,0,C,0
1497,2,0.0,6.0,0,R,1
1498,0,0.0,5.0,0,C,0
1499,0,0.4714045207910317,3.333333333333333,0,C,0
1500,2,0.0,8.0,0,R,1
1501,0,0.4714045207910317,4.666666666666667,0,C,0
1502,1,0.0,4.0,0,C,0
1503,0,0.4714045207910317,3.333333333333333,0,C,0
1504,2,0.0,8.0,0,R,1
1505,3,0.0,7.0,0,R,1
1506,0,0.0,4.0,0,C,0
1507,0,0.0,5.0,0,C,0
1508,1,0.4714045207910317,3.6666666666666665,0,C,0
1509,3,0.4714045207910317,8.333333333333334,0,R,1
1510,2,0.4714045207910317,1.6666666666666667,0,R,1
1511,0,0.0,4.0,0,C,0
1512,2,0.0,7.0,0,R,1
1513,0,0.4714045207910317,5.666666666666667,0,C,0
1514,0,0.0,5.0,0,C,0
1515,3,0.4714045207910317,1.6666666666666667,0,R,1
1516,1,0.4714045207910317,5.333333333333333,0,C,0
1517,0,0.0,3.0,0,C,0
1518,1,0.4714045207910317,3.6666666666666665,0,C,0
1519,1,0.0,4.0,0,C,0
1520,3,0.0,8.0,0,R,1
1521,0,0.0,4.0,0,C,0
1522,1,0.4714045207910317,6.333333333333333,0,C,0
1523,0,0.0,3.0,0,C,0
1524,1,0.4714045207910317,7.666666666666667,0,C,0
1525,0,0.0,5.0,0,C,0
1526,2,0.0,3.0,0,R,1
1527,1,0.0,4.0,0,C,0
1528,2,0.4714045207910317,1.6666666666666667,0,R,1
1529,2,0.4714045207910317,4.333333333333333,0,R,1
1530,2,0.4714045207910317,6.666666666666667,0,R,1
1531,3,0.0,3.0,0,R,1
1532,2,0.4714045207910317,4.666666666666667,0,R,1
1533,2,0.4714045207910317,5.333333333333333,0,R,1
1534,0,0.4714045207910317,5.666666666666667,0,C,0
1535,1,0.4714045207910317,3.6666666666666665,0,C,0
1536,0,0.4714045207910317,2.333333333333333,0,C,0
1537,2,0.4714045207910317,2.6666666666666665,0,R,1
1538,1,0.0,3.0,0,C,0
1539,0,0.4714045207910317,5.333333333333333,0,C,0
1540,2,0.4714045207910317,4.666666666666667,0,R,1
1541,1,0.4714045207910317,2.6666666666666665,0,C,0
1542,0,0.4714045207910317,6.333333333333333,0,C,0
1543,1,0.4714045207910317,4.666666666666667,0,C,0
1544,3,0.0,7.0,0,R,1
1545,0,0.0,5.0,0,C,0
1546,1,0.0,5.0,0,C,0
1547,0,0.4714045207910317,2.6666666666666665,0,C,0
1548,0,0.4714045207910317,4.666666666666667,0,C,0
1549,0,0.4714045207910317,3.6666666666666665,0,C,0
1550,1,0.4714045207910317,5.666666666666667,0,C,0
1551,1,0.4714045207910317,4.333333333333333,0,C,0
1552,0,0.4714045207910317,3.6666666666666665,0,C,0
1553,1,0.4714045207910317,6.333333333333333,0,C,0
1554,2,0.4714045207910317,3.333333333333333,0,R,1
1555,2,0.0,6.0,0,R,1
1556,1,0.4714045207910317,4.333333333333333,0,C,0
1557,1,0.0,1.0,0,C,0
1558,1,0.4714045207910317,5.333333333333333,0,C,0
1559,1,0.4714045207910317,4.333333333333333,0,C,0
1560,1,0.0,4.0,0,C,0
1561,0,0.4714045207910317,5.333333333333333,0,C,0
1562,1,0.4714045207910317,4.666666666666667,0,C,0
1563,0,0.4714045207910317,3.6666666666666665,0,C,0
1564,0,0.4714045207910317,3.6666666666666665,0,C,0
1565,2,0.0,3.0,0,R,1
1566,0,0.0,5.0,0,C,0
1567,1,0.0,6.0,0,C,0
1568,0,0.4714045207910317,3.6666666666666665,0,C,0
1569,1,0.0,4.0,0,C,0
1570,2,0.0,9.0,0,R,1
1571,0,0.4714045207910317,5.333333333333333,0,C,0
1572,1,0.4714045207910317,6.333333333333333,0,C,0
1573,2,0.4714045207910317,6.666666666666667,0,R,1
1574,2,0.0,6.0,0,R,1
1575,2,0.4714045207910317,3.6666666666666665,0,R,1
1576,0,0.4714045207910317,2.6666666666666665,0,C,0
1577,1,0.4714045207910317,5.333333333333333,0,C,0
1578,1,0.4714045207910317,2.333333333333333,0,C,0
1579,0,0.0,5.0,0,C,0
1580,1,0.0,4.0,0,C,0
1581,0,0.4714045207910317,4.333333333333333,0,C,0
1582,0,0.4714045207910317,3.6666666666666665,0,C,0
1583,2,0.0,3.0,0,R,1
1584,1,0.4714045207910317,3.6666666666666665,0,C,0
1585,0,0.0,2.0,0,C,0
1586,0,0.4714045207910317,5.333333333333333,0,C,0
1587,0,0.4714045207910317,4.333333333333333,0,C,0
1588,1,0.0,6.0,0,C,0
1589,1,0.0,5.0,0,C,0
1590,0,0.4714045207910317,3.6666666666666665,0,C,0
1591,1,0.0,5.0,0,C,0
1592,0,0.4714045207910317,4.333333333333333,0,C,0
1593,0,0.0,5.0,0,C,0
1594,2,0.0,5.0,0,R,1
1595,3,0.816496580927726,5.0,0,R,1
1596,1,0.4714045207910317,3.333333333333333,0,C,0
1597,0,0.0,5.0,0,C,0
1598,1,0.0,2.0,0,C,0
1599,1,0.4714045207910317,4.666666666666667,0,C,0
1600,1,0.0,4.0,0,C,0
1601,0,0.4714045207910317,4.666666666666667,0,C,0
1602,1,0.0,7.0,0,C,0
1603,3,0.4714045207910317,3.333333333333333,0,R,1
1604,1,0.4714045207910317,5.666666666666667,0,C,0
1605,3,0.4714045207910317,7.666666666666667,0,R,1
1606,0,0.4714045207910317,6.333333333333333,0,C,0
1607,2,0.4714045207910317,1.6666666666666667,0,R,1
1608,0,0.0,4.0,0,C,0
1609,0,0.0,6.0,0,C,0
1610,0,0.4714045207910317,3.6666666666666665,0,C,0
1611,2,0.4714045207910317,6.666666666666667,0,R,1
1612,0,0.4714045207910317,3.333333333333333,0,C,0
1613,2,0.0,4.0,0,R,1
1614,0,0.4714045207910317,5.333333333333333,0,C,0
1615,0,0.0,4.0,0,C,0
1616,1,0.4714045207910317,5.333333333333333,0,C,0
1617,1,0.4714045207910317,5.666666666666667,0,C,0
1618,0,0.4714045207910317,3.6666666666666665,0,C,0
1619,1,0.0,5.0,0,C,0
1620,0,0.4714045207910317,2.333333333333333,0,C,0
1621,1,0.4714045207910317,2.6666666666666665,0,C,0
1622,3,0.4714045207910317,3.6666666666666665,0,R,1
1623,2,0.0,4.0,0,R,1
1624,1,0.0,3.0,0,C,0
1625,0,0.0,4.0,0,C,0
1626,2,0.4714045207910317,2.6666666666666665,0,R,1
1627,2,0.0,6.0,0,R,1
1628,1,0.0,7.0,0,C,0
1629,2,0.0,7.0,0,R,1
1630,1,0.0,5.0,0,C,0
1631,2,0.4714045207910317,7.333333333333333,0,R,1
1632,1,0.4714045207910317,4.666666666666667,0,C,0
1633,1,0.4714045207910317,5.666666666666667,0,C,0
1634,2,0.4714045207910317,5.333333333333333,0,R,1
1635,1,0.4714045207910317,3.6666666666666665,0,C,0
1636,0,0.0,4.0,0,C,0
1637,3,0.0,5.0,0,R,1
1638,0,0.4714045207910317,4.666666666666667,0,C,0
1639,1,0.4714045207910317,3.6666666666666665,0,C,0
1640,3,0.0,7.0,0,R,1
1641,3,1.247219128924647,3.333333333333333,0,R,1
1642,2,0.4714045207910317,5.666666666666667,0,R,1
1643,1,0.4714045207910317,6.333333333333333,0,C,0
1644,0,0.0,5.0,0,C,0
1645,0,0.0,5.0,0,C,0
1646,0,0.0,5.0,0,C,0
1647,2,0.0,5.0,0,R,1
1648,2,0.816496580927726,5.0,0,R,1
1649,1,0.4714045207910317,5.666666666666667,0,C,0
1650,1,0.4714045207910317,6.333333333333333,0,C,0
1651,2,1.247219128924647,4.666666666666667,0,R,1
1652,1,0.4714045207910317,5.666666666666667,0,C,0
1653,0,0.0,4.0,0,C,0
1654,2,0.0,3.0,0,R,1
1655,2,0.4714045207910317,2.6666666666666665,0,R,1
1656,2,0.4714045207910317,5.333333333333333,0,R,1
1657,0,0.4714045207910317,5.333333333333333,0,C,0
1658,1,0.4714045207910317,6.666666666666667,0,C,0
1659,0,0.0,5.0,0,C,0
1660,1,0.0,6.0,0,C,0
1661,0,0.4714045207910317,2.333333333333333,0,C,0
1662,1,0.4714045207910317,5.666666666666667,0,C,0
1663,1,0.4714045207910317,3.6666666666666665,0,C,0
1664,3,0.816496580927726,5.0,0,R,1
1665,2,0.0,1.0,0,R,1
1666,1,0.0,6.0,0,C,0
1667,3,0.4714045207910317,7.666666666666667,0,R,1
1668,0,0.4714045207910317,4.666666666666667,0,C,0
1669,1,0.0,3.0,0,C,0
1670,2,0.9428090415820634,4.666666666666667,0,R,1
1671,1,0.0,6.0,0,C,0
1672,0,0.4714045207910317,5.333333333333333,0,C,0
1673,2,0.4714045207910317,5.333333333333333,0,R,1
1674,2,0.0,6.0,0,R,1
1675,1,0.4714045207910317,4.333333333333333,0,C,0
1676,0,0.0,5.0,0,C,0
1677,1,0.4714045207910317,3.333333333333333,0,C,0
1678,0,0.4714045207910317,5.666666666666667,0,C,0
1679,2,0.816496580927726,3.0,0,R,1
1680,0,0.4714045207910317,3.333333333333333,0,C,0
1681,1,0.816496580927726,2.0,0,C,1
1682,0,0.0,5.0,0,C,0
1683,2,0.4714045207910317,6.666666666666667,0,R,1
1684,0,0.4714045207910317,3.333333333333333,0,C,0
1685,1,0.0,6.0,0,C,0
1686,3,0.4714045207910317,7.666666666666667,0,R,1
1687,1,0.0,4.0,0,C,0
1688,0,0.4714045207910317,4.333333333333333,0,C,0
1689,0,0.0,3.0,0,C,0
1690,1,0.0,3.0,0,C,0
1691,0,0.0,4.0,0,C,0
1692,1,0.0,4.0,0,C,0
1693,3,0.4714045207910317,6.666666666666667,0,R,1
1694,0,0.4714045207910317,5.333333333333333,0,C,0
1695,1,0.0,4.0,0,C,0
1696,2,0.4714045207910317,2.6666666666666665,0,R,1
1697,1,0.0,5.0,0,C,0
1698,3,0.4714045207910317,5.666666666666667,0,R,1
1699,2,0.4714045207910317,6.333333333333333,0,R,1
1700,0,0.0,4.0,0,C,0
1701,2,0.4714045207910317,4.333333333333333,0,R,1
1702,2,0.4714045207910317,4.666666666666667,0,R,1
1703,0,0.4714045207910317,4.333333333333333,0,C,0
1704,0,0.0,5.0,0,C,0
1705,0,0.4714045207910317,4.333333333333333,0,C,0
1706,3,0.0,4.0,0,R,1
1707,2,0.4714045207910317,5.666666666666667,0,R,1
1708,3,0.4714045207910317,7.666666666666667,0,R,1
1709,1,0.0,7.0,0,C,0
1710,0,0.4714045207910317,4.333333333333333,0,C,0
1711,0,0.4714045207910317,5.333333333333333,0,C,0
1712,1,0.0,5.0,0,C,0
1713,1,0.0,4.0,0,C,0
1714,2,0.0,4.0,0,R,1
1715,0,0.0,4.0,0,C,0
1716,2,0.816496580927726,8.0,0,R,1
1717,0,0.4714045207910317,4.333333333333333,0,C,0
1718,2,0.0,6.0,0,R,1
1719,2,0.816496580927726,7.0,0,R,1
1720,0,0.0,4.0,0,C,0
1721,0,0.4714045207910317,4.666666666666667,0,C,0
1722,2,0.0,5.0,0,R,1
1723,0,0.4714045207910317,2.6666666666666665,0,C,0
1724,0,0.4714045207910317,2.6666666666666665,0,C,0
1725,2,0.4714045207910317,4.666666666666667,0,R,1
1726,0,0.4714045207910317,4.333333333333333,0,C,0
1727,0,0.0,4.0,0,C,0
1728,1,0.0,6.0,0,C,0
1729,3,0.0,8.0,0,R,1
1730,1,0.816496580927726,3.0,0,C,1
1731,2,1.247219128924647,4.666666666666667,0,R,1
1732,2,0.0,7.0,0,R,1
1733,1,0.0,3.0,0,C,0
1734,1,0.4714045207910317,5.666666666666667,0,C,0
1735,1,0.4714045207910317,3.333333333333333,0,C,0
1736,0,0.0,4.0,0,C,0
1737,1,0.4714045207910317,4.333333333333333,0,C,0
1738,0,0.4714045207910317,3.333333333333333,0,C,0
1739,1,0.4714045207910317,6.333333333333333,0,C,0
1740,0,0.0,5.0,0,C,0
1741,0,0.4714045207910317,6.333333333333333,0,C,0
1742,0,0.4714045207910317,4.333333333333333,0,C,0
1743,2,0.0,1.0,0,R,1
1744,1,0.0,1.0,0,C,0
1745,1,0.0,6.0,0,C,0
1746,3,0.4714045207910317,5.666666666666667,0,R,1
1747,0,0.4714045207910317,4.333333333333333,0,C,0
1748,1,0.4714045207910317,5.666666666666667,0,C,0
1749,2,0.4714045207910317,6.333333333333333,0,R,1
1750,0,0.0,3.0,0,C,0
1751,0,0.4714045207910317,5.666666666666667,0,C,0
1752,2,0.4714045207910317,2.333333333333333,0,R,1
1753,3,0.4714045207910317,7.333333333333333,0,R,1
1754,2,0.816496580927726,6.0,0,R,1
1755,0,0.0,3.0,0,C,0
1756,0,0.0,5.0,0,C,0
1757,0,0.4714045207910317,3.6666666666666665,0,C,0
1758,0,0.4714045207910317,2.333333333333333,0,C,0
1759,0,0.816496580927726,5.0,0,C,1
1760,0,0.4714045207910317,3.6666666666666665,0,C,0
1761,3,0.4714045207910317,5.666666666666667,0,R,1
1762,1,0.0,5.0,0,C,0
1763,0,0.4714045207910317,5.666666666666667,0,C,0
1764,3,0.4714045207910317,5.666666666666667,0,R,1
1765,3,0.4714045207910317,6.333333333333333,0,R,1
1766,0,0.816496580927726,5.0,0,C,1
1767,1,0.4714045207910317,4.666666666666667,0,C,0
1768,0,0.4714045207910317,5.666666666666667,0,C,0
1769,2,0.4714045207910317,3.333333333333333,0,R,1
1770,3,0.4714045207910317,6.333333333333333,0,R,1
1771,1,0.4714045207910317,4.333333333333333,0,C,0
1772,2,0.9428090415820634,6.666666666666667,0,R,1
1773,2,0.4714045207910317,3.6666666666666665,0,R,1
1774,0,0.4714045207910317,3.6666666666666665,0,C,0
1775,2,0.4714045207910317,6.666666666666667,0,R,1
1776,0,0.4714045207910317,2.6666666666666665,0,C,0
1777,1,0.9428090415820634,3.333333333333333,0,C,1
1778,1,0.4714045207910317,5.333333333333333,0,C,0
1779,1,0.4714045207910317,6.666666666666667,0,C,0
1780,1,0.0,6.0,0,C,0
1781,2,0.4714045207910317,1.6666666666666667,0,R,1
1782,3,2.449489742783178,4.0,0,R,1
1783,0,0.0,4.0,0,C,0
1784,1,0.0,6.0,0,C,0
1785,0,0.4714045207910317,4.666666666666667,0,C,0
1786,0,0.0,5.0,0,C,0
1787,1,0.4714045207910317,3.333333333333333,0,C,0
1788,3,1.4142135623730951,8.0,0,R,1
1789,0,0.0,5.0,0,C,0
1790,1,0.4714045207910317,3.6666666666666665,0,C,0
1791,0,0.0,5.0,0,C,0
1792,1,0.0,5.0,0,C,0
1793,0,0.4714045207910317,4.333333333333333,0,C,0
1794,2,0.0,5.0,0,R,1
1795,2,0.4714045207910317,4.333333333333333,0,R,1
1796,2,0.4714045207910317,4.666666666666667,0,R,1
1797,2,0.9428090415820634,3.6666666666666665,0,R,1
1798,1,0.0,7.0,0,C,0
1799,1,0.0,3.0,0,C,0
1800,2,0.4714045207910317,6.333333333333333,0,R,1
1801,2,0.4714045207910317,3.6666666666666665,0,R,1
1802,0,0.0,5.0,0,C,0
1803,2,0.4714045207910317,3.6666666666666665,0,R,1
1804,1,0.4714045207910317,2.6666666666666665,0,C,0
1805,0,0.816496580927726,6.0,0,C,1
1806,0,0.0,5.0,0,C,0
1807,1,0.0,4.0,0,C,0
1808,2,0.816496580927726,3.0,0,R,1
1809,1,0.4714045207910317,3.333333333333333,0,C,0
1810,1,0.4714045207910317,2.6666666666666665,0,C,0
1811,1,0.4714045207910317,6.666666666666667,0,C,0
1812,0,0.0,3.0,0,C,0
1813,3,0.9428090415820634,7.333333333333333,0,R,1
1814,2,0.0,8.0,0,R,1
1815,1,0.0,2.0,0,C,0
1816,2,0.4714045207910317,5.333333333333333,0,R,1
1817,2,0.4714045207910317,2.333333333333333,0,R,1
1818,0,0.4714045207910317,5.666666666666667,0,C,0
1819,1,0.9428090415820634,3.333333333333333,0,C,1
1820,1,0.4714045207910317,2.6666666666666665,0,C,0
1821,1,0.4714045207910317,4.666666666666667,0,C,0
1822,2,0.0,5.0,0,R,1
1823,2,0.816496580927726,3.0,0,R,1
1824,1,0.4714045207910317,5.333333333333333,0,C,0
1825,2,0.4714045207910317,4.666666666666667,0,R,1
1826,1,0.4714045207910317,6.666666666666667,0,C,0
1827,0,0.4714045207910317,3.6666666666666665,0,C,0
1828,2,0.4714045207910317,3.333333333333333,0,R,1
1829,2,0.4714045207910317,3.6666666666666665,0,R,1
1830,2,0.0,7.0,0,R,1
1831,3,0.4714045207910317,6.333333333333333,0,R,1
1832,1,0.4714045207910317,2.6666666666666665,0,C,0
1833,1,0.0,5.0,0,C,0
1834,0,0.4714045207910317,2.6666666666666665,0,C,0
1835,1,0.4714045207910317,6.666666666666667,0,C,0
1836,0,0.9428090415820634,3.6666666666666665,0,C,1
1837,0,0.0,5.0,0,C,0
1838,1,0.0,7.0,0,C,0
1839,2,0.4714045207910317,5.666666666666667,0,R,1
1840,1,0.0,6.0,0,C,0
1841,2,0.0,4.0,0,R,1
1842,2,0.0,2.0,0,R,1
1843,2,0.816496580927726,5.0,0,R,1
1844,1,0.0,2.0,0,C,0
1845,2,0.0,5.0,0,R,1
1846,0,0.0,5.0,0,C,0
1847,0,0.4714045207910317,3.6666666666666665,0,C,0
1848,0,0.4714045207910317,5.333333333333333,0,C,0
1849,0,0.0,4.0,0,C,0
1850,2,0.816496580927726,4.0,0,R,1
1851,3,0.4714045207910317,7.333333333333333,0,R,1
1852,1,0.0,5.0,0,C,0
1853,2,0.0,7.0,0,R,1
1854,0,0.4714045207910317,4.333333333333333,0,C,0
1855,0,0.0,3.0,0,C,0
1856,1,0.0,6.0,0,C,0
1857,2,1.4142135623730951,3.0,0,R,1
1858,1,0.4714045207910317,2.6666666666666665,0,C,0
1859,1,0.816496580927726,5.0,0,C,1
1860,1,0.0,2.0,0,C,0
1861,1,0.4714045207910317,4.666666666666667,0,C,0
1862,1,0.0,4.0,0,C,0
1863,2,0.4714045207910317,2.333333333333333,0,R,1
1864,1,0.4714045207910317,2.333333333333333,0,C,0
1865,3,0.816496580927726,3.0,0,R,1
1866,2,0.816496580927726,4.0,0,R,1
1867,1,0.4714045207910317,6.333333333333333,0,C,0
1868,1,0.4714045207910317,2.6666666666666665,0,C,0
1869,1,0.0,5.0,0,C,0
1870,0,0.0,6.0,0,C,0
1871,0,0.4714045207910317,3.6666666666666665,0,C,0
1872,3,0.0,7.0,0,R,1
1873,1,0.816496580927726,2.0,0,C,1
1874,0,0.0,4.0,0,C,0
1875,1,0.0,4.0,0,C,0
1876,1,0.9428090415820634,3.333333333333333,0,C,1
1877,0,0.4714045207910317,4.666666666666667,0,C,0
1878,1,0.4714045207910317,5.333333333333333,0,C,0
1879,1,0.0,4.0,0,C,0
1880,0,0.9428090415820634,4.333333333333333,0,C,1
1881,0,0.816496580927726,4.0,0,C,1
1882,1,0.0,5.0,0,C,0
1883,1,0.0,2.0,0,C,0
1884,0,0.4714045207910317,5.666666666666667,0,C,0
1885,2,0.4714045207910317,4.333333333333333,0,R,1
1886,0,0.4714045207910317,5.666666666666667,0,C,0
1887,1,0.4714045207910317,4.333333333333333,0,C,0
1888,2,0.4714045207910317,6.333333333333333,0,R,1
1889,0,0.4714045207910317,3.333333333333333,0,C,0
1890,1,0.4714045207910317,4.666666666666667,0,C,0
1891,1,0.4714045207910317,2.333333333333333,0,C,0
1892,1,0.4714045207910317,3.6666666666666665,0,C,0
1893,3,0.4714045207910317,7.333333333333333,0,R,1
1894,1,0.0,6.0,0,C,0
1895,0,0.4714045207910317,3.6666666666666665,0,C,0
1896,0,0.4714045207910317,3.333333333333333,0,C,0
1897,1,0.0,5.0,0,C,0
1898,1,0.4714045207910317,3.6666666666666665,0,C,0
1899,1,0.0,6.0,0,C,0
1900,2,0.4714045207910317,1.6666666666666667,0,R,1
1901,1,0.4714045207910317,6.666666666666667,0,C,0
1902,2,0.4714045207910317,2.333333333333333,0,R,1
1903,2,0.4714045207910317,3.6666666666666665,0,R,1
1904,0,0.0,3.0,0,C,0
1905,1,0.4714045207910317,3.333333333333333,0,C,0
1906,3,0.0,7.0,0,R,1
1907,0,0.4714045207910317,4.666666666666667,0,C,0
1908,0,0.4714045207910317,4.666666666666667,0,C,0
1909,0,0.0,5.0,0,C,0
1910,1,0.4714045207910317,3.333333333333333,0,C,0
1911,2,0.4714045207910317,7.333333333333333,0,R,1
1912,2,0.0,4.0,0,R,1
1913,0,0.0,5.0,0,C,0
1914,0,0.4714045207910317,5.333333333333333,0,C,0
1915,0,0.4714045207910317,5.666666666666667,0,C,0
1916,0,0.0,3.0,0,C,0
1917,1,0.4714045207910317,7.666666666666667,0,C,0
1918,1,0.0,4.0,0,C,0
1919,0,0.4714045207910317,5.333333333333333,0,C,0
1920,0,0.4714045207910317,3.6666666666666665,0,C,0
1921,0,0.0,3.0,0,C,0
1922,1,0.0,7.0,0,C,0
1923,0,0.4714045207910317,4.666666666666667,0,C,0
1924,2,0.0,7.0,0,R,1
1925,2,0.4714045207910317,2.6666666666666665,0,R,1
1926,0,0.4714045207910317,3.6666666666666665,0,C,0
1927,1,0.4714045207910317,3.6666666666666665,0,C,0
1928,2,0.4714045207910317,6.666666666666667,0,R,1
1929,0,0.4714045207910317,1.3333333333333333,0,C,0
1930,0,0.4714045207910317,3.333333333333333,0,C,0
1931,2,0.4714045207910317,3.6666666666666665,0,R,1
1932,0,0.4714045207910317,6.333333333333333,0,C,0
1933,2,0.4714045207910317,5.666666666666667,0,R,1
1934,1,0.0,5.0,0,C,0
1935,2,0.0,5.0,0,R,1
1936,1,0.0,7.0,0,C,0
1937,1,0.816496580927726,2.0,0,C,1
1938,0,0.4714045207910317,4.666666666666667,0,C,0
1939,1,0.4714045207910317,4.333333333333333,0,C,0
1940,1,0.4714045207910317,3.333333333333333,0,C,0
1941,0,0.4714045207910317,3.6666666666666665,0,C,0
1942,1,0.4714045207910317,4.333333333333333,0,C,0
1943,0,0.0,3.0,0,C,0
1944,1,0.4714045207910317,5.333333333333333,0,C,0
1945,1,0.816496580927726,6.0,0,C,1
1946,0,0.0,6.0,0,C,0
1947,1,0.4714045207910317,7.333333333333333,0,C,0
1948,1,0.0,5.0,0,C,0
1949,0,0.0,6.0,0,C,0
1950,2,0.4714045207910317,1.6666666666666667,0,R,1
1951,2,0.0,4.0,0,R,1
1952,1,0.4714045207910317,5.666666666666667,0,C,0
1953,0,0.4714045207910317,4.666666666666667,0,C,0
1954,0,0.0,6.0,0,C,0
1955,0,0.4714045207910317,4.666666666666667,0,C,0
1956,2,0.816496580927726,4.0,0,R,1
1957,0,0.4714045207910317,5.333333333333333,0,C,0
1958,1,0.0,7.0,0,C,0
1959,0,0.4714045207910317,2.333333333333333,0,C,0
1960,2,0.816496580927726,5.0,0,R,1
1961,1,0.0,4.0,0,C,0
1962,0,0.0,5.0,0,C,0
1963,1,0.816496580927726,5.0,0,C,1
1964,2,0.4714045207910317,6.333333333333333,0,R,1
1965,1,0.4714045207910317,3.6666666666666665,0,C,0
1966,2,0.0,6.0,0,R,1
1967,1,0.4714045207910317,6.333333333333333,0,C,0
1968,0,0.0,6.0,0,C,0
1969,1,0.0,1.0,0,C,0
1970,1,0.0,4.0,0,C,0
1971,3,0.9428090415820634,4.333333333333333,0,R,1
1972,1,0.0,1.0,0,C,0
1973,2,0.4714045207910317,4.333333333333333,0,R,1
1974,2,0.4714045207910317,7.666666666666667,0,R,1
1975,1,0.0,6.0,0,C,0
1976,1,0.4714045207910317,4.333333333333333,0,C,0
1977,0,0.4714045207910317,6.333333333333333,0,C,0
1978,0,0.4714045207910317,3.333333333333333,0,C,0
1979,1,0.0,2.0,0,C,0
1980,0,0.0,3.0,0,C,0
1981,0,0.4714045207910317,6.333333333333333,0,C,0
1982,2,0.4714045207910317,6.333333333333333,0,R,1
1983,1,0.0,5.0,0,C,0
1984,1,0.4714045207910317,2.333333333333333,0,C,0
1985,1,0.4714045207910317,4.333333333333333,0,C,0
1986,2,0.4714045207910317,3.333333333333333,0,R,1
1987,1,0.4714045207910317,3.333333333333333,0,C,0
1988,2,0.4714045207910317,6.666666666666667,0,R,1
1989,1,0.0,2.0,0,C,0
1990,2,0.0,8.0,0,R,1
1991,1,0.4714045207910317,6.333333333333333,0,C,0
1992,0,0.0,4.0,0,C,0
1993,1,0.4714045207910317,4.666666666666667,0,C,0
1994,1,0.9428090415820634,4.333333333333333,0,C,1
1995,0,0.0,5.0,0,C,0
1996,2,0.0,7.0,0,R,1
1997,1,0.4714045207910317,3.6666666666666665,0,C,0
1998,2,1.247219128924647,2.333333333333333,0,R,1
1999,2,0.4714045207910317,3.6666666666666665,0,R,1
2000,1,0.4714045207910317,3.6666666666666665,0,C,0
2001,2,0.0,4.0,0,R,1
2002,2,0.0,7.0,0,R,1
2003,1,0.0,5.0,0,C,0
2004,0,0.4714045207910317,3.333333333333333,0,C,0
2005,0,0.0,5.0,0,C,0
2006,0,0.4714045207910317,4.333333333333333,0,C,0
2007,2,1.4142135623730951,4.0,0,R,1
2008,0,0.4714045207910317,4.333333333333333,0,C,0
2009,1,0.4714045207910317,8.333333333333334,0,C,0
2010,0,0.4714045207910317,4.666666666666667,0,C,0
2011,1,0.4714045207910317,3.333333333333333,0,C,0
2012,0,0.4714045207910317,4.333333333333333,0,C,0
2013,1,0.4714045207910317,4.666666666666667,0,C,0
2014,0,0.0,5.0,0,C,0
2015,0,0.0,4.0,0,C,0
2017,0,0.4714045207910317,4.333333333333333,0,C,0
2018,1,0.4714045207910317,7.666666666666667,0,C,0
2019,2,0.0,0.0,0,R,1
2020,1,0.4714045207910317,3.6666666666666665,0,C,0
2021,1,0.4714045207910317,4.333333333333333,0,C,0
2022,1,0.4714045207910317,5.666666666666667,0,C,0
2023,1,0.4714045207910317,3.333333333333333,0,C,0
2024,2,0.4714045207910317,1.6666666666666667,0,R,1
2025,0,0.0,6.0,0,C,0
2026,3,0.0,4.0,0,R,1
2027,1,0.4714045207910317,3.6666666666666665,0,C,0
2028,1,0.4714045207910317,5.666666666666667,0,C,0
2029,2,0.4714045207910317,3.333333333333333,0,R,1
2030,1,0.0,4.0,0,C,0
2031,3,0.4714045207910317,6.666666666666667,0,R,1
2032,0,0.0,5.0,0,C,0
2033,2,0.0,5.0,0,R,1
2034,1,0.4714045207910317,1.6666666666666667,0,C,0
2035,2,0.0,2.0,0,R,1
2036,1,0.816496580927726,5.0,0,C,1
2037,1,0.4714045207910317,3.333333333333333,0,C,0
2038,1,0.4714045207910317,3.6666666666666665,0,C,0
2039,0,0.4714045207910317,1.6666666666666667,0,C,0
2040,0,0.0,4.0,0,C,0
2041,0,0.0,4.0,0,C,0
2042,2,0.0,5.0,0,R,1
2043,1,0.4714045207910317,4.333333333333333,0,C,0
2044,2,0.4714045207910317,5.333333333333333,0,R,1
2045,0,0.4714045207910317,4.333333333333333,0,C,0
2046,2,0.0,2.0,0,R,1
2047,0,0.4714045207910317,2.6666666666666665,0,C,0
2048,2,0.4714045207910317,3.333333333333333,0,R,1
2049,0,0.4714045207910317,6.333333333333333,0,C,0
2050,1,0.0,6.0,0,C,0
2051,3,0.0,5.0,0,R,1
2052,1,0.0,5.0,0,C,0
2053,1,0.4714045207910317,5.333333333333333,0,C,0
2054,1,0.4714045207910317,7.666666666666667,0,C,0
2055,0,0.816496580927726,2.0,0,C,1
2056,1,0.4714045207910317,4.666666666666667,0,C,0
2057,2,0.0,4.0,0,R,1
2058,1,0.9428090415820634,6.333333333333333,0,C,1
2059,0,0.0,4.0,0,C,0
2060,2,0.4714045207910317,3.6666666666666665,0,R,1
2061,1,0.4714045207910317,4.333333333333333,0,C,0
2062,1,0.0,4.0,0,C,0
2063,2,0.0,4.0,0,R,1
2064,0,0.4714045207910317,5.333333333333333,0,C,0
2065,1,0.4714045207910317,3.333333333333333,0,C,0
2066,1,0.4714045207910317,4.333333333333333,0,C,0
2067,1,0.4714045207910317,3.6666666666666665,0,C,0
2068,1,0.0,4.0,0,C,0
2069,0,0.0,4.0,0,C,0
2070,1,0.0,5.0,0,C,0
2071,1,1.699673171197595,2.333333333333333,0,C,1
2072,1,0.0,5.0,0,C,0
2073,2,0.4714045207910317,5.666666666666667,0,R,1
2074,0,0.0,5.0,0,C,0
2075,1,0.816496580927726,2.0,0,C,1
2076,1,0.4714045207910317,2.6666666666666665,0,C,0
2077,1,0.0,7.0,0,C,0
2078,1,0.0,7.0,0,C,0
2079,1,0.4714045207910317,3.333333333333333,0,C,0
2080,1,0.0,5.0,0,C,0
2081,2,0.0,7.0,0,R,1
2082,2,0.0,6.0,0,R,1
2083,2,0.0,5.0,0,R,1
2084,2,0.0,6.0,0,R,1
2085,1,0.0,3.0,0,C,0
2086,3,0.0,6.0,0,R,1
2087,1,0.4714045207910317,4.666666666666667,0,C,0
2088,1,0.0,6.0,0,C,0
2089,0,0.4714045207910317,2.6666666666666665,0,C,0
2090,1,0.0,8.0,0,C,0
2091,2,0.4714045207910317,6.666666666666667,0,R,1
2092,1,0.4714045207910317,5.666666666666667,0,C,0
2093,1,0.816496580927726,4.0,0,C,1
2094,1,0.0,3.0,0,C,0
2095,0,0.4714045207910317,2.6666666666666665,0,C,0
2096,0,0.4714045207910317,4.666666666666667,0,C,0
2097,2,0.4714045207910317,1.6666666666666667,0,R,1
2098,0,0.0,4.0,0,C,0
2099,1,0.0,7.0,0,C,0
2100,2,0.0,6.0,0,R,1
2101,3,0.816496580927726,8.0,0,R,1
2102,1,0.4714045207910317,2.333333333333333,0,C,0
2103,0,0.0,5.0,0,C,0
2104,2,0.9428090415820634,5.333333333333333,0,R,1
2105,3,0.4714045207910317,7.666666666666667,0,R,1
2106,0,0.4714045207910317,3.333333333333333,0,C,0
2107,2,0.9428090415820634,6.333333333333333,0,R,1
2108,2,0.0,5.0,0,R,1
2109,2,0.0,8.0,0,R,1
2110,0,0.0,4.0,0,C,0
2111,0,0.4714045207910317,3.6666666666666665,0,C,0
2112,0,0.4714045207910317,4.666666666666667,0,C,0
2113,0,0.4714045207910317,3.6666666666666665,0,C,0
2114,3,0.4714045207910317,7.666666666666667,0,R,1
2115,1,0.4714045207910317,1.6666666666666667,0,C,0
2116,0,0.0,6.0,0,C,0
2117,1,0.4714045207910317,2.333333333333333,0,C,0
2118,0,0.0,7.0,0,C,0
2119,1,0.0,5.0,0,C,0
2120,0,0.0,5.0,0,C,0
2121,0,0.4714045207910317,4.333333333333333,0,C,0
2122,2,0.4714045207910317,5.666666666666667,0,R,1
2123,1,0.0,7.0,0,C,0
2124,1,0.0,3.0,0,C,0
2125,2,0.4714045207910317,5.333333333333333,0,R,1
2126,0,0.4714045207910317,4.666666666666667,0,C,0
2127,0,0.4714045207910317,4.666666666666667,0,C,0
2128,3,1.699673171197595,3.333333333333333,0,R,1
2129,1,0.4714045207910317,4.666666666666667,0,C,0
2130,1,0.4714045207910317,4.666666666666667,0,C,0
2131,0,0.816496580927726,4.0,0,C,1
2132,0,0.816496580927726,4.0,0,C,1
2133,1,0.0,5.0,0,C,0
2134,2,0.0,8.0,0,R,1
2135,0,0.0,5.0,0,C,0
2136,0,0.4714045207910317,6.666666666666667,0,C,0
2137,0,0.0,5.0,0,C,0
2138,2,0.9428090415820634,1.6666666666666667,0,R,1
2139,0,0.4714045207910317,3.6666666666666665,0,C,0
2140,2,0.4714045207910317,5.333333333333333,0,R,1
2141,1,0.4714045207910317,6.666666666666667,0,C,0
2142,2,0.4714045207910317,1.6666666666666667,0,R,1
2143,0,0.4714045207910317,5.333333333333333,0,C,0
2144,1,0.816496580927726,6.0,0,C,1
2145,1,0.4714045207910317,1.6666666666666667,0,C,0
2146,0,0.0,6.0,0,C,0
2147,1,0.4714045207910317,2.6666666666666665,0,C,0
2148,2,0.4714045207910317,7.333333333333333,0,R,1
2149,0,0.4714045207910317,4.333333333333333,0,C,0
2150,1,0.0,7.0,0,C,0
2151,0,0.4714045207910317,4.666666666666667,0,C,0
2153,0,0.4714045207910317,5.333333333333333,0,C,0
2154,0,0.0,4.0,0,C,0
2155,1,0.4714045207910317,4.666666666666667,0,C,0
2156,2,0.4714045207910317,3.6666666666666665,0,R,1
2157,1,0.4714045207910317,3.333333333333333,0,C,0
2158,1,0.0,6.0,0,C,0
2159,0,0.0,5.0,0,C,0
2160,3,0.0,8.0,0,R,1
2161,0,0.4714045207910317,4.333333333333333,0,C,0
2162,0,0.4714045207910317,4.333333333333333,0,C,0
2163,2,0.0,6.0,0,R,1
2164,0,0.4714045207910317,2.6666666666666665,0,C,0
2165,3,0.4714045207910317,4.333333333333333,0,R,1
2166,1,0.4714045207910317,3.6666666666666665,0,C,0
2167,2,0.0,5.0,0,R,1
2168,0,0.4714045207910317,3.333333333333333,0,C,0
2169,3,0.4714045207910317,7.666666666666667,0,R,1
2170,2,1.247219128924647,4.666666666666667,0,R,1
2171,1,0.4714045207910317,5.333333333333333,0,C,0
2172,0,0.4714045207910317,4.666666666666667,0,C,0
2173,0,0.4714045207910317,4.666666666666667,0,C,0
2174,1,0.0,8.0,0,C,0
2175,1,0.4714045207910317,6.666666666666667,0,C,0
2176,2,0.4714045207910317,3.6666666666666665,0,R,1
2177,1,0.4714045207910317,6.333333333333333,0,C,0
2178,2,0.4714045207910317,6.333333333333333,0,R,1
2179,1,0.4714045207910317,5.666666666666667,0,C,0
2180,2,0.4714045207910317,5.666666666666667,0,R,1
2181,2,0.4714045207910317,4.666666666666667,0,R,1
2182,0,0.4714045207910317,3.6666666666666665,0,C,0
2183,0,0.4714045207910317,4.666666666666667,0,C,0
2184,0,0.4714045207910317,4.666666666666667,0,C,0
2185,0,0.4714045207910317,4.666666666666667,0,C,0
2186,0,0.9428090415820634,3.6666666666666665,0,C,1
2187,0,0.4714045207910317,4.333333333333333,0,C,0
2188,0,0.4714045207910317,2.6666666666666665,0,C,0
2189,0,0.4714045207910317,6.666666666666667,0,C,0
2190,3,1.247219128924647,4.666666666666667,0,R,1
2191,0,0.4714045207910317,4.333333333333333,0,C,0
2192,2,0.4714045207910317,6.666666666666667,0,R,1
2193,1,0.4714045207910317,3.6666666666666665,0,C,0
2194,1,0.4714045207910317,6.666666666666667,0,C,0
2195,0,0.0,7.0,0,C,0
2196,0,0.4714045207910317,3.6666666666666665,0,C,0
2197,3,0.4714045207910317,6.333333333333333,0,R,1
2198,1,0.0,4.0,0,C,0
2199,0,0.4714045207910317,5.666666666666667,0,C,0
2200,2,0.4714045207910317,5.333333333333333,0,R,1
2201,1,0.0,5.0,0,C,0
2202,0,0.0,4.0,0,C,0
2203,1,0.4714045207910317,3.333333333333333,0,C,0
2204,1,0.4714045207910317,5.333333333333333,0,C,0
2205,3,0.0,9.0,0,R,1
2206,1,0.0,5.0,0,C,0
2207,0,0.4714045207910317,6.666666666666667,0,C,0
2208,2,0.0,5.0,0,R,1
2209,2,0.4714045207910317,6.666666666666667,0,R,1
2210,0,0.816496580927726,4.0,0,C,1
2211,0,0.4714045207910317,4.666666666666667,0,C,0
2212,0,0.4714045207910317,2.6666666666666665,0,C,0
2213,0,0.4714045207910317,4.333333333333333,0,C,0
2214,2,0.0,7.0,0,R,1
2215,0,0.4714045207910317,3.6666666666666665,0,C,0
2216,0,0.9428090415820634,3.6666666666666665,0,C,1
2217,2,0.4714045207910317,5.333333333333333,0,R,1
2218,0,0.4714045207910317,3.6666666666666665,0,C,0
2219,2,0.4714045207910317,7.666666666666667,0,R,1
2220,2,0.4714045207910317,6.666666666666667,0,R,1
2221,1,0.0,5.0,0,C,0
2222,0,0.0,6.0,0,C,0
2223,1,0.0,4.0,0,C,0
2224,2,0.4714045207910317,2.6666666666666665,0,R,1
2225,1,0.4714045207910317,4.666666666666667,0,C,0
2226,2,0.0,5.0,0,R,1
2227,2,0.9428090415820634,4.666666666666667,0,R,1
2228,3,0.4714045207910317,5.333333333333333,0,R,1
2229,2,0.0,6.0,0,R,1
2230,0,0.4714045207910317,6.333333333333333,0,C,0
2231,0,0.0,5.0,0,C,0
2232,0,0.0,5.0,0,C,0
2233,0,0.0,2.0,0,C,0
2234,1,0.0,7.0,0,C,0
2235,1,0.816496580927726,5.0,0,C,1
2236,0,0.4714045207910317,5.333333333333333,0,C,0
2237,0,0.0,3.0,0,C,0
2238,3,0.4714045207910317,2.6666666666666665,0,R,1
2239,1,0.0,4.0,0,C,0
2240,0,0.4714045207910317,4.333333333333333,0,C,0
2241,2,0.4714045207910317,3.6666666666666665,0,R,1
2242,0,0.4714045207910317,5.333333333333333,0,C,0
2243,1,0.4714045207910317,2.6666666666666665,0,C,0
2244,1,0.4714045207910317,5.333333333333333,0,C,0
2245,2,0.4714045207910317,6.666666666666667,0,R,1
2246,1,0.9428090415820634,5.333333333333333,0,C,1
2247,1,0.816496580927726,3.0,0,C,1
2248,1,0.816496580927726,5.0,0,C,1
2249,1,0.4714045207910317,4.666666666666667,0,C,0
2250,0,0.4714045207910317,3.6666666666666665,0,C,0
2251,1,0.0,6.0,0,C,0
2252,1,0.4714045207910317,2.6666666666666665,0,C,0
2253,3,0.816496580927726,8.0,0,R,1
2254,1,0.4714045207910317,5.666666666666667,0,C,0
2255,1,0.4714045207910317,1.6666666666666667,0,C,0
2256,2,0.4714045207910317,6.666666666666667,0,R,1
2257,2,0.4714045207910317,6.333333333333333,0,R,1
2258,3,0.4714045207910317,4.666666666666667,0,R,1
2259,0,0.4714045207910317,4.333333333333333,0,C,0
2260,1,0.4714045207910317,6.666666666666667,0,C,0
2261,1,0.0,4.0,0,C,0
2262,0,0.4714045207910317,4.666666666666667,0,C,0
2263,1,0.4714045207910317,4.333333333333333,0,C,0
2264,0,0.4714045207910317,3.6666666666666665,0,C,0
2265,-1,0.0,3.0,0,C,0
2266,0,0.0,3.0,0,C,0
2267,1,0.9428090415820634,3.333333333333333,0,C,1
2268,3,0.0,9.0,0,R,1
2269,1,0.4714045207910317,6.666666666666667,0,C,0
2270,0,0.0,4.0,0,C,0
2271,3,1.247219128924647,7.666666666666667,0,R,1
2272,1,0.4714045207910317,5.666666666666667,0,C,0
2273,0,0.0,5.0,0,C,0
2274,0,0.4714045207910317,3.6666666666666665,0,C,0
2275,1,0.4714045207910317,1.3333333333333333,0,C,0
2276,1,0.4714045207910317,4.333333333333333,0,C,0
2277,0,0.816496580927726,3.0,0,C,1
2278,0,0.4714045207910317,5.666666666666667,0,C,0
2279,1,0.4714045207910317,4.333333333333333,0,C,0
2280,2,0.0,3.0,0,R,1
2281,0,0.4714045207910317,3.6666666666666665,0,C,0
2282,0,0.0,6.0,0,C,0
2283,1,0.4714045207910317,2.333333333333333,0,C,0
2284,1,0.0,3.0,0,C,0
2285,2,0.0,5.0,0,R,1
2286,3,0.4714045207910317,7.333333333333333,0,R,1
2287,0,0.4714045207910317,6.333333333333333,0,C,0
2288,0,0.0,3.0,0,C,0
2289,0,0.4714045207910317,5.666666666666667,0,C,0
2290,1,0.4714045207910317,6.666666666666667,0,C,0
2291,1,0.0,5.0,0,C,0
2292,0,0.4714045207910317,5.333333333333333,0,C,0
2293,0,0.0,4.0,0,C,0
2294,0,0.4714045207910317,2.333333333333333,0,C,0
2295,2,0.816496580927726,5.0,0,R,1
2296,0,0.4714045207910317,4.333333333333333,0,C,0
2297,0,0.816496580927726,4.0,0,C,1
2298,2,0.4714045207910317,2.6666666666666665,0,R,1
2299,1,0.4714045207910317,4.666666666666667,0,C,0
2300,1,0.4714045207910317,6.333333333333333,0,C,0
2301,1,0.0,5.0,0,C,0
2302,0,0.4714045207910317,4.333333333333333,0,C,0
2303,0,0.4714045207910317,3.333333333333333,0,C,0
2304,2,1.4142135623730951,6.0,0,R,1
2305,1,0.0,3.0,0,C,0
2306,2,0.4714045207910317,3.6666666666666665,0,R,1
2307,0,0.0,4.0,0,C,0
2308,0,0.4714045207910317,2.6666666666666665,0,C,0
2309,3,0.4714045207910317,6.333333333333333,0,R,1
2310,0,0.4714045207910317,5.333333333333333,0,C,0
2311,1,0.4714045207910317,5.333333333333333,0,C,0
2312,0,0.4714045207910317,3.6666666666666665,0,C,0
2313,0,0.4714045207910317,3.333333333333333,0,C,0
2314,0,0.4714045207910317,3.6666666666666665,0,C,0
2315,0,0.4714045207910317,3.6666666666666665,0,C,0
2316,1,0.0,6.0,0,C,0
2317,0,0.4714045207910317,5.333333333333333,0,C,0
2318,1,0.4714045207910317,4.333333333333333,0,C,0
2319,2,0.9428090415820634,5.666666666666667,0,R,1
2320,0,0.4714045207910317,5.666666666666667,0,C,0
2321,2,0.4714045207910317,7.666666666666667,0,R,1
2322,2,0.4714045207910317,7.666666666666667,0,R,1
2323,1,0.4714045207910317,3.333333333333333,0,C,0
2324,0,0.4714045207910317,5.333333333333333,0,C,0
2325,0,0.4714045207910317,4.666666666666667,0,C,0
2326,0,0.0,5.0,0,C,0
2327,1,0.4714045207910317,2.6666666666666665,0,C,0
2328,0,0.0,3.0,0,C,0
2329,1,0.9428090415820634,6.333333333333333,0,C,1
2330,0,0.4714045207910317,5.333333333333333,0,C,0
2331,0,0.4714045207910317,6.666666666666667,0,C,0
2332,2,0.4714045207910317,2.333333333333333,0,R,1
2333,3,0.4714045207910317,8.666666666666666,0,R,1
2334,0,0.816496580927726,3.0,0,C,1
2335,2,0.0,6.0,0,R,1
2336,1,0.816496580927726,6.0,0,C,1
2337,1,0.4714045207910317,5.333333333333333,0,C,0
2338,1,0.0,4.0,0,C,0
2339,2,0.4714045207910317,5.666666666666667,0,R,1
2340,0,0.0,6.0,0,C,0
2341,0,0.4714045207910317,5.666666666666667,0,C,0
2342,0,0.4714045207910317,5.666666666666667,0,C,0
2343,0,0.816496580927726,3.0,0,C,1
2344,1,0.4714045207910317,4.666666666666667,0,C,0
2345,3,0.4714045207910317,5.666666666666667,0,R,1
2346,3,0.4714045207910317,5.666666666666667,0,R,1
2347,3,0.4714045207910317,2.333333333333333,0,R,1
2348,2,0.4714045207910317,5.333333333333333,0,R,1
2349,1,0.4714045207910317,7.666666666666667,0,C,0
2350,2,0.0,5.0,0,R,1
2351,3,1.247219128924647,4.666666666666667,0,R,1
2352,0,0.4714045207910317,5.333333333333333,0,C,0
2353,2,0.4714045207910317,5.333333333333333,0,R,1
2354,1,0.4714045207910317,6.333333333333333,0,C,0
2355,2,0.4714045207910317,4.333333333333333,0,R,1
2356,0,0.0,5.0,0,C,0
2357,2,1.247219128924647,6.333333333333333,0,R,1
2358,1,0.4714045207910317,1.6666666666666667,0,C,0
2359,0,0.0,3.0,0,C,0
2360,1,0.4714045207910317,3.6666666666666665,0,C,0
2361,2,0.0,1.0,0,R,1
2362,1,0.4714045207910317,3.333333333333333,0,C,0
2363,1,0.0,4.0,0,C,0
2364,1,0.0,4.0,0,C,0
2365,2,0.4714045207910317,3.333333333333333,0,R,1
2366,0,0.0,5.0,0,C,0
2367,1,0.0,2.0,0,C,0
2368,0,0.4714045207910317,3.6666666666666665,0,C,0
2369,0,0.4714045207910317,4.666666666666667,0,C,0
2370,0,0.4714045207910317,5.666666666666667,0,C,0
2371,0,0.4714045207910317,3.6666666666666665,0,C,0
2372,2,0.0,3.0,0,R,1
2373,0,0.0,6.0,0,C,0
2374,1,0.9428090415820634,3.333333333333333,0,C,1
2375,0,0.4714045207910317,6.333333333333333,0,C,0
2376,0,0.9428090415820634,5.666666666666667,0,C,1
2377,1,0.0,7.0,0,C,0
2378,0,0.4714045207910317,4.333333333333333,0,C,0
2379,0,0.0,4.0,0,C,0
2380,1,0.0,5.0,0,C,0
2381,0,0.0,5.0,0,C,0
2382,0,0.0,5.0,0,C,0
2383,0,0.4714045207910317,4.333333333333333,0,C,0
2384,1,0.0,3.0,0,C,0
2385,1,0.0,6.0,0,C,0
2386,0,0.4714045207910317,3.333333333333333,0,C,0
2387,0,0.4714045207910317,4.333333333333333,0,C,0
2388,1,0.816496580927726,7.0,0,C,1
2389,0,0.4714045207910317,1.6666666666666667,0,C,0
2390,0,0.0,5.0,0,C,0
2391,0,0.4714045207910317,4.333333333333333,0,C,0
2392,0,0.0,5.0,0,C,0
2393,1,0.4714045207910317,3.6666666666666665,0,C,0
2394,0,0.9428090415820634,4.333333333333333,0,C,1
2395,0,0.4714045207910317,2.6666666666666665,0,C,0
2396,0,0.0,4.0,0,C,0
2397,0,0.4714045207910317,5.666666666666667,0,C,0
2398,2,0.4714045207910317,5.666666666666667,0,R,1
2399,1,0.0,4.0,0,C,0
2400,0,0.0,5.0,0,C,0
2401,0,0.816496580927726,4.0,0,C,1
2402,0,0.4714045207910317,3.333333333333333,0,C,0
2403,0,0.4714045207910317,3.333333333333333,0,C,0
2404,0,0.0,5.0,0,C,0
2405,3,0.0,4.0,0,R,1
2406,1,0.4714045207910317,3.6666666666666665,0,C,0
2407,1,0.816496580927726,4.0,0,C,1
2408,1,0.0,3.0,0,C,0
2409,1,0.4714045207910317,4.666666666666667,0,C,0
2410,0,0.0,4.0,0,C,0
2411,1,0.4714045207910317,3.333333333333333,0,C,0
2412,1,0.816496580927726,4.0,0,C,1
2413,2,0.9428090415820634,8.333333333333334,0,R,1
2414,2,1.247219128924647,5.666666666666667,0,R,1
2415,2,0.4714045207910317,3.6666666666666665,0,R,1
2416,1,0.4714045207910317,2.6666666666666665,0,C,0
2417,0,0.4714045207910317,4.333333333333333,0,C,0
2418,0,0.4714045207910317,6.666666666666667,0,C,0
2419,0,0.816496580927726,3.0,0,C,1
2420,3,0.9428090415820634,6.333333333333333,0,R,1
2421,1,0.4714045207910317,5.666666666666667,0,C,0
2422,0,0.0,5.0,0,C,0
2423,1,0.0,5.0,0,C,0
2424,2,0.4714045207910317,5.666666666666667,0,R,1
2425,1,0.4714045207910317,3.6666666666666665,0,C,0
2426,0,0.4714045207910317,3.6666666666666665,0,C,0
2427,2,0.816496580927726,6.0,0,R,1
2428,2,0.0,5.0,0,R,1
2429,1,0.816496580927726,6.0,0,C,1
2430,0,0.816496580927726,7.0,0,C,1
2431,3,1.699673171197595,6.333333333333333,0,R,1
2432,2,0.4714045207910317,2.6666666666666665,0,R,1
2433,0,0.4714045207910317,5.666666666666667,0,C,0
2434,0,0.0,6.0,0,C,0
2435,0,0.4714045207910317,3.6666666666666665,0,C,0
2436,2,0.9428090415820634,6.333333333333333,0,R,1
2437,1,0.0,5.0,0,C,0
2438,0,0.0,5.0,0,C,0
2439,1,0.4714045207910317,4.666666666666667,0,C,0
2440,2,0.0,7.0,0,R,1
2441,2,0.0,5.0,0,R,1
2442,0,0.0,4.0,0,C,0
2443,1,0.4714045207910317,3.6666666666666665,0,C,0
2444,0,0.4714045207910317,5.333333333333333,0,C,0
2445,1,0.0,7.0,0,C,0
2446,2,0.4714045207910317,7.666666666666667,0,R,1
2447,1,0.0,3.0,0,C,0
2448,3,0.4714045207910317,5.333333333333333,0,R,1
2449,3,0.4714045207910317,4.333333333333333,0,R,1
2450,0,0.4714045207910317,3.6666666666666665,0,C,0
2451,2,1.247219128924647,3.333333333333333,0,R,1
2452,1,0.0,2.0,0,C,0
2453,0,0.4714045207910317,4.666666666666667,0,C,0
2454,1,0.0,4.0,0,C,0
2455,2,0.0,3.0,0,R,1
2456,0,0.4714045207910317,5.333333333333333,0,C,0
2457,1,0.0,5.0,0,C,0
2458,1,0.4714045207910317,5.666666666666667,0,C,0
2459,0,0.0,5.0,0,C,0
2460,2,0.4714045207910317,5.666666666666667,0,R,1
2461,0,0.0,3.0,0,C,0
2462,1,0.816496580927726,6.0,0,C,1
2463,2,0.4714045207910317,5.333333333333333,0,R,1
2464,0,0.816496580927726,4.0,0,C,1
2465,2,0.4714045207910317,4.666666666666667,0,R,1
2466,0,0.4714045207910317,3.6666666666666665,0,C,0
2467,2,0.0,8.0,0,R,1
2468,0,0.0,6.0,0,C,0
2469,1,0.816496580927726,3.0,0,C,1
2470,2,1.8856180831641267,5.666666666666667,0,R,1
2471,1,0.4714045207910317,2.333333333333333,0,C,0
2472,0,0.9428090415820634,4.333333333333333,0,C,1
2473,1,0.4714045207910317,4.666666666666667,0,C,0
2474,1,0.4714045207910317,1.6666666666666667,0,C,0
2475,1,0.0,7.0,0,C,0
2476,1,0.4714045207910317,5.666666666666667,0,C,0
2477,1,0.4714045207910317,3.6666666666666665,0,C,0
2478,1,0.0,4.0,0,C,0
2479,0,0.0,5.0,0,C,0
2480,0,0.4714045207910317,6.666666666666667,0,C,0
2481,0,0.4714045207910317,5.666666666666667,0,C,0
2482,2,0.4714045207910317,6.666666666666667,0,R,1
2483,2,0.4714045207910317,3.6666666666666665,0,R,1
2484,1,0.0,7.0,0,C,0
2485,0,0.4714045207910317,2.6666666666666665,0,C,0
2486,2,0.4714045207910317,7.666666666666667,0,R,1
2487,1,0.4714045207910317,5.333333333333333,0,C,0
2488,3,0.4714045207910317,1.3333333333333333,0,R,1
2489,1,0.4714045207910317,4.666666666666667,0,C,0
2490,0,0.4714045207910317,4.333333333333333,0,C,0
2491,1,0.0,6.0,0,C,0
2492,1,0.4714045207910317,4.333333333333333,0,C,0
2493,1,0.4714045207910317,2.333333333333333,0,C,0
2494,2,0.9428090415820634,2.6666666666666665,0,R,1
2495,3,0.4714045207910317,7.333333333333333,0,R,1
2496,3,0.4714045207910317,7.666666666666667,0,R,1
2497,1,0.4714045207910317,4.333333333333333,0,C,0
2498,1,0.0,4.0,0,C,0
2499,1,0.0,7.0,0,C,0
2500,2,0.0,3.0,0,R,1
2501,0,0.0,4.0,0,C,0
2502,3,0.4714045207910317,4.333333333333333,0,R,1
2503,2,0.4714045207910317,7.333333333333333,0,R,1
2504,1,0.4714045207910317,3.6666666666666665,0,C,0
2505,0,0.0,4.0,0,C,0
2506,0,0.4714045207910317,4.666666666666667,0,C,0
2507,0,0.4714045207910317,7.333333333333333,0,C,0
2508,0,0.0,5.0,0,C,0
2509,1,0.4714045207910317,2.6666666666666665,0,C,0
2510,1,1.4142135623730951,5.0,0,C,1
2511,0,0.0,3.0,0,C,0
2512,0,0.0,7.0,0,C,0
2513,1,0.4714045207910317,4.333333333333333,0,C,0
2514,1,0.4714045207910317,5.333333333333333,0,C,0
2515,0,0.4714045207910317,3.333333333333333,0,C,0
2516,2,0.0,2.0,0,R,1
2517,0,0.0,4.0,0,C,0
2518,1,0.4714045207910317,2.6666666666666665,0,C,0
2519,0,0.0,5.0,0,C,0
2520,1,0.9428090415820634,3.333333333333333,0,C,1
2521,2,0.0,2.0,0,R,1
2522,1,0.4714045207910317,6.333333333333333,0,C,0
2523,1,0.0,4.0,0,C,0
2524,0,0.4714045207910317,6.333333333333333,0,C,0
2525,1,0.0,3.0,0,C,0
2526,0,0.4714045207910317,4.666666666666667,0,C,0
2527,0,0.0,5.0,0,C,0
2528,1,0.0,5.0,0,C,0
2529,3,0.0,8.0,0,R,1
2530,0,0.4714045207910317,3.6666666666666665,0,C,0
2531,0,0.4714045207910317,3.6666666666666665,0,C,0
2532,2,0.0,7.0,0,R,1
2533,3,0.816496580927726,1.0,0,R,1
2534,0,0.4714045207910317,4.333333333333333,0,C,0
2535,1,0.0,5.0,0,C,0
2536,1,0.0,4.0,0,C,0
2537,0,0.4714045207910317,6.333333333333333,0,C,0
2538,1,0.0,7.0,0,C,0
2539,2,0.0,7.0,0,R,1
2540,0,0.4714045207910317,3.6666666666666665,0,C,0
2541,1,0.0,5.0,0,C,0
2542,1,0.4714045207910317,4.666666666666667,0,C,0
2543,1,0.4714045207910317,4.666666666666667,0,C,0
2544,0,0.4714045207910317,3.333333333333333,0,C,0
2545,2,0.9428090415820634,5.333333333333333,0,R,1
2546,1,0.0,5.0,0,C,0
2547,1,0.816496580927726,7.0,0,C,1
2548,1,0.4714045207910317,4.666666666666667,0,C,0
2549,1,0.816496580927726,6.0,0,C,1
2550,0,0.4714045207910317,7.666666666666667,0,C,0
2551,1,0.4714045207910317,4.666666666666667,0,C,0
2552,2,0.0,6.0,0,R,1
2553,1,0.0,6.0,0,C,0
2554,2,0.0,3.0,0,R,1
2555,2,0.4714045207910317,6.666666666666667,0,R,1
2556,1,0.4714045207910317,5.666666666666667,0,C,0
2557,2,0.4714045207910317,3.333333333333333,0,R,1
2558,1,0.4714045207910317,3.6666666666666665,0,C,0
2559,2,0.4714045207910317,4.333333333333333,0,R,1
2560,0,0.0,6.0,0,C,0
2561,1,0.4714045207910317,4.333333333333333,0,C,0
2562,0,0.4714045207910317,4.333333333333333,0,C,0
2563,0,0.4714045207910317,3.333333333333333,0,C,0
2564,1,0.4714045207910317,4.666666666666667,0,C,0
2565,0,0.0,3.0,0,C,0
2566,1,0.4714045207910317,5.333333333333333,0,C,0
2567,1,0.4714045207910317,2.333333333333333,0,C,0
2568,1,0.4714045207910317,6.333333333333333,0,C,0
2569,0,0.4714045207910317,5.666666666666667,0,C,0
2570,0,0.4714045207910317,4.666666666666667,0,C,0
2571,0,0.0,5.0,0,C,0
2572,0,0.0,5.0,0,C,0
2573,0,0.4714045207910317,3.333333333333333,0,C,0
2574,0,0.0,2.0,0,C,0
2575,0,0.0,4.0,0,C,0
2576,1,0.4714045207910317,5.666666666666667,0,C,0
2577,0,0.0,5.0,0,C,0
2578,1,0.0,3.0,0,C,0
2579,0,0.0,5.0,0,C,0
2580,2,0.816496580927726,5.0,0,R,1
2581,2,0.4714045207910317,3.333333333333333,0,R,1
2582,2,0.4714045207910317,5.666666666666667,0,R,1
2583,0,0.4714045207910317,3.333333333333333,0,C,0
2584,1,0.4714045207910317,5.333333333333333,0,C,0
2585,1,0.4714045207910317,3.6666666666666665,0,C,0
2586,2,0.4714045207910317,1.3333333333333333,0,R,1
2587,2,0.0,2.0,0,R,1
2588,1,0.4714045207910317,4.333333333333333,0,C,0
2589,0,0.4714045207910317,4.333333333333333,0,C,0
2591,2,0.4714045207910317,4.333333333333333,0,R,1
2592,0,0.4714045207910317,4.333333333333333,0,C,0
2593,1,0.0,7.0,0,C,0
2594,2,0.4714045207910317,6.333333333333333,0,R,1
2595,1,0.4714045207910317,6.333333333333333,0,C,0
2596,1,0.4714045207910317,4.666666666666667,0,C,0
2597,1,0.4714045207910317,4.666666666666667,0,C,0
2598,1,0.0,3.0,0,C,0
2599,2,0.4714045207910317,6.666666666666667,0,R,1
2600,1,0.816496580927726,5.0,0,C,1
2601,0,0.0,6.0,0,C,0
2602,2,0.4714045207910317,3.6666666666666665,0,R,1
2603,2,0.4714045207910317,3.333333333333333,0,R,1
2604,1,0.4714045207910317,5.333333333333333,0,C,0
2605,1,0.0,4.0,0,C,0
2606,2,0.4714045207910317,6.333333333333333,0,R,1
2607,1,0.4714045207910317,3.333333333333333,0,C,0
2608,2,0.9428090415820634,5.333333333333333,0,R,1
2609,2,0.0,7.0,0,R,1
2610,3,0.4714045207910317,5.666666666666667,0,R,1
2611,0,0.4714045207910317,2.333333333333333,0,C,0
2612,0,0.0,6.0,0,C,0
2613,0,0.4714045207910317,4.333333333333333,0,C,0
2614,3,1.4142135623730951,6.0,0,R,1
2615,0,0.0,5.0,0,C,0
2616,1,0.4714045207910317,5.333333333333333,0,C,0
2617,0,0.4714045207910317,5.666666666666667,0,C,0
2618,3,0.4714045207910317,6.666666666666667,0,R,1
2619,0,0.0,4.0,0,C,0
2620,0,0.0,5.0,0,C,0
2621,2,0.0,6.0,0,R,1
2622,2,0.4714045207910317,1.6666666666666667,0,R,1
2623,2,0.4714045207910317,5.666666666666667,0,R,1
2624,2,0.4714045207910317,5.666666666666667,0,R,1
2625,1,0.4714045207910317,5.333333333333333,0,C,0
2626,0,0.4714045207910317,2.333333333333333,0,C,0
2627,2,0.4714045207910317,6.333333333333333,0,R,1
2628,0,0.4714045207910317,4.666666666666667,0,C,0
2629,2,0.0,7.0,0,R,1
2630,1,0.4714045207910317,4.666666666666667,0,C,0
2631,0,0.4714045207910317,6.333333333333333,0,C,0
2632,1,0.0,4.0,0,C,0
2633,1,0.4714045207910317,4.333333333333333,0,C,0
2634,0,0.4714045207910317,3.333333333333333,0,C,0
2635,0,0.0,3.0,0,C,0
2636,0,0.4714045207910317,2.6666666666666665,0,C,0
2637,1,0.816496580927726,7.0,0,C,1
2638,2,0.4714045207910317,3.6666666666666665,0,R,1
2639,0,0.4714045207910317,3.6666666666666665,0,C,0
2640,1,0.4714045207910317,5.666666666666667,0,C,0
2641,1,0.0,5.0,0,C,0
2642,0,0.0,5.0,0,C,0
2643,3,1.699673171197595,6.333333333333333,0,R,1
2644,1,0.4714045207910317,3.6666666666666665,0,C,0
2645,0,0.0,5.0,0,C,0
2646,1,0.4714045207910317,5.333333333333333,0,C,0
2647,3,0.0,7.0,0,R,1
2648,2,1.247219128924647,4.666666666666667,0,R,1
2649,2,0.0,3.0,0,R,1
2650,1,0.816496580927726,5.0,0,C,1
2651,1,0.4714045207910317,4.666666666666667,0,C,0
2652,0,0.4714045207910317,4.666666666666667,0,C,0
2653,1,0.4714045207910317,4.666666666666667,0,C,0
2654,1,0.0,5.0,0,C,0
2655,2,0.0,3.0,0,R,1
2656,1,0.0,3.0,0,C,0
2657,1,0.0,4.0,0,C,0
2658,0,0.0,4.0,0,C,0
2659,0,0.4714045207910317,4.666666666666667,0,C,0
2660,3,0.4714045207910317,4.666666666666667,0,R,1
2661,1,0.4714045207910317,1.6666666666666667,0,C,0
2662,1,0.0,6.0,0,C,0
2663,3,0.816496580927726,5.0,0,R,1
2664,0,0.0,5.0,0,C,0
2665,0,0.4714045207910317,6.666666666666667,0,C,0
2666,1,0.816496580927726,7.0,0,C,1
2667,2,0.4714045207910317,6.666666666666667,0,R,1
2668,2,0.4714045207910317,7.666666666666667,0,R,1
2669,0,0.4714045207910317,4.333333333333333,0,C,0
2670,0,0.0,5.0,0,C,0
2671,0,0.0,6.0,0,C,0
2672,2,0.0,5.0,0,R,1
2673,2,0.4714045207910317,4.666666666666667,0,R,1
2674,1,0.0,5.0,0,C,0
2675,1,0.4714045207910317,3.6666666666666665,0,C,0
2676,1,0.0,5.0,0,C,0
2677,2,0.816496580927726,5.0,0,R,1
2678,1,0.4714045207910317,6.666666666666667,0,C,0
2679,0,0.4714045207910317,3.6666666666666665,0,C,0
2680,1,0.4714045207910317,3.6666666666666665,0,C,0
2681,1,0.816496580927726,5.0,0,C,1
2682,0,0.4714045207910317,6.333333333333333,0,C,0
2683,1,0.4714045207910317,6.333333333333333,0,C,0
2684,1,0.816496580927726,5.0,0,C,1
2685,2,0.4714045207910317,7.666666666666667,0,R,1
2686,3,0.4714045207910317,8.666666666666666,0,R,1
2687,2,0.0,5.0,0,R,1
2688,2,0.0,4.0,0,R,1
2689,0,0.4714045207910317,1.6666666666666667,0,C,0
2690,1,0.4714045207910317,3.6666666666666665,0,C,0
2691,1,0.4714045207910317,3.6666666666666665,0,C,0
2692,2,0.0,2.0,0,R,1
2693,2,0.4714045207910317,4.333333333333333,0,R,1
2694,1,0.816496580927726,5.0,0,C,1
2695,0,0.4714045207910317,3.333333333333333,0,C,0
2696,2,0.4714045207910317,6.333333333333333,0,R,1
2697,0,0.0,5.0,0,C,0
2698,3,0.816496580927726,8.0,0,R,1
2699,1,0.4714045207910317,2.6666666666666665,0,C,0
2700,0,0.0,4.0,0,C,0
2701,1,0.9428090415820634,4.333333333333333,0,C,1
2702,1,0.4714045207910317,4.666666666666667,0,C,0
2703,0,0.4714045207910317,5.666666666666667,0,C,0
2704,2,0.9428090415820634,7.333333333333333,0,R,1
2705,0,0.0,3.0,0,C,0
2706,0,0.4714045207910317,3.333333333333333,0,C,0
2707,2,0.4714045207910317,5.333333333333333,0,R,1
2708,0,0.0,4.0,0,C,0
2709,3,0.0,4.0,0,R,1
2710,0,0.4714045207910317,5.666666666666667,0,C,0
2711,1,0.4714045207910317,6.666666666666667,0,C,0
2712,1,0.816496580927726,5.0,0,C,1
2713,0,0.0,7.0,0,C,0
2714,2,0.4714045207910317,5.333333333333333,0,R,1
2715,1,0.4714045207910317,7.333333333333333,0,C,0
2716,1,0.4714045207910317,5.666666666666667,0,C,0
2717,0,0.4714045207910317,7.333333333333333,0,C,0
2718,0,0.4714045207910317,4.333333333333333,0,C,0
2719,2,0.0,5.0,0,R,1
2720,0,0.816496580927726,5.0,0,C,1
2721,0,0.0,6.0,0,C,0
2722,1,0.4714045207910317,3.6666666666666665,0,C,0
2723,1,0.0,5.0,0,C,0
2724,0,0.0,5.0,0,C,0
2725,1,0.4714045207910317,5.333333333333333,0,C,0
2726,2,0.0,2.0,0,R,1
2727,1,0.0,6.0,0,C,0
2728,1,0.0,3.0,0,C,0
2729,1,0.0,7.0,0,C,0
2730,0,0.4714045207910317,3.6666666666666665,0,C,0
2731,2,0.0,7.0,0,R,1
2732,0,0.0,5.0,0,C,0
2733,2,0.4714045207910317,7.666666666666667,0,R,1
2734,0,0.4714045207910317,7.333333333333333,0,C,0
2735,2,0.4714045207910317,3.333333333333333,0,R,1
2736,1,0.4714045207910317,5.333333333333333,0,C,0
2737,2,0.4714045207910317,4.333333333333333,0,R,1
2738,2,0.0,7.0,0,R,1
2739,1,0.4714045207910317,5.666666666666667,0,C,0
2740,1,0.0,4.0,0,C,0
2741,1,0.0,4.0,0,C,0
2742,1,0.4714045207910317,4.666666666666667,0,C,0
2743,0,0.4714045207910317,6.666666666666667,0,C,0
2744,1,0.0,4.0,0,C,0
2745,0,0.4714045207910317,6.666666666666667,0,C,0
2746,1,0.0,6.0,0,C,0
2747,1,0.4714045207910317,6.333333333333333,0,C,0
2748,1,0.4714045207910317,4.666666666666667,0,C,0
2749,3,0.4714045207910317,5.666666666666667,0,R,1
2750,0,0.816496580927726,5.0,0,C,1
2751,2,0.4714045207910317,5.666666666666667,0,R,1
2752,2,0.0,3.0,0,R,1
2753,3,0.4714045207910317,6.666666666666667,0,R,1
2754,0,0.816496580927726,5.0,0,C,1
2755,1,0.4714045207910317,5.333333333333333,0,C,0
2756,0,0.4714045207910317,4.333333333333333,0,C,0
2757,0,0.0,4.0,0,C,0
2758,2,0.4714045207910317,7.666666666666667,0,R,1
2759,1,0.4714045207910317,2.333333333333333,0,C,0
2760,0,0.4714045207910317,4.333333333333333,0,C,0
2761,1,0.4714045207910317,3.6666666666666665,0,C,0
2762,1,0.0,3.0,0,C,0
2763,0,0.4714045207910317,4.333333333333333,0,C,0
2764,1,0.0,5.0,0,C,0
2765,0,0.4714045207910317,4.333333333333333,0,C,0
2766,0,0.4714045207910317,4.666666666666667,0,C,0
2767,2,0.4714045207910317,3.6666666666666665,0,R,1
2768,2,0.4714045207910317,5.333333333333333,0,R,1
2769,1,0.0,5.0,0,C,0
2770,0,0.4714045207910317,5.333333333333333,0,C,0
2771,2,0.4714045207910317,3.333333333333333,0,R,1
2772,-1,0.0,3.0,0,C,0
2773,0,0.0,5.0,0,C,0
2774,0,0.4714045207910317,3.6666666666666665,0,C,0
2775,0,0.4714045207910317,3.333333333333333,0,C,0
2776,2,0.0,6.0,0,R,1
2777,2,0.0,5.0,0,R,1
2778,3,0.4714045207910317,8.666666666666666,0,R,1
2779,2,0.9428090415820634,4.666666666666667,0,R,1
2780,1,0.4714045207910317,6.333333333333333,0,C,0
2781,1,0.4714045207910317,2.6666666666666665,0,C,0
2782,0,0.4714045207910317,7.333333333333333,0,C,0
2783,0,0.0,2.0,0,C,0
2784,1,0.0,6.0,0,C,0
2785,3,0.0,8.0,0,R,1
2786,1,0.4714045207910317,6.666666666666667,0,C,0
2787,3,0.4714045207910317,7.333333333333333,0,R,1
2788,1,0.0,4.0,0,C,0
2789,0,0.0,6.0,0,C,0
2790,3,0.4714045207910317,6.666666666666667,0,R,1
2791,2,0.816496580927726,4.0,0,R,1
2792,1,0.4714045207910317,5.333333333333333,0,C,0
2793,2,0.4714045207910317,3.333333333333333,0,R,1
2794,1,0.4714045207910317,5.333333333333333,0,C,0
2795,0,0.4714045207910317,3.6666666666666665,0,C,0
2796,2,0.4714045207910317,3.333333333333333,0,R,1
2797,0,0.4714045207910317,3.6666666666666665,0,C,0
2798,1,0.4714045207910317,4.333333333333333,0,C,0
2799,1,0.0,6.0,0,C,0
2800,0,0.0,5.0,0,C,0
2801,1,0.0,5.0,0,C,0
2802,1,0.0,3.0,0,C,0
2803,0,0.0,4.0,0,C,0
2804,0,0.0,6.0,0,C,0
2805,0,0.4714045207910317,4.333333333333333,0,C,0
2806,0,0.0,4.0,0,C,0
2807,0,0.0,4.0,0,C,0
2808,3,0.4714045207910317,8.333333333333334,0,R,1
2809,2,0.0,4.0,0,R,1
2810,1,0.4714045207910317,2.6666666666666665,0,C,0
2811,2,0.0,6.0,0,R,1
2812,1,0.0,3.0,0,C,0
2813,1,0.4714045207910317,3.6666666666666665,0,C,0
2814,0,0.0,4.0,0,C,0
2815,2,0.4714045207910317,4.333333333333333,0,R,1
2816,1,0.4714045207910317,4.666666666666667,0,C,0
2817,2,0.4714045207910317,3.6666666666666665,0,R,1
2818,2,0.4714045207910317,3.333333333333333,0,R,1
2819,3,0.4714045207910317,5.333333333333333,0,R,1
2820,2,0.4714045207910317,6.666666666666667,0,R,1
2821,2,0.0,3.0,0,R,1
2822,2,0.4714045207910317,5.333333333333333,0,R,1
2823,0,0.0,4.0,0,C,0
2824,2,0.4714045207910317,6.333333333333333,0,R,1
2825,3,0.4714045207910317,6.333333333333333,0,R,1
2826,3,0.4714045207910317,3.6666666666666665,0,R,1
2827,1,0.4714045207910317,4.666666666666667,0,C,0
2828,0,0.0,6.0,0,C,0
2829,2,0.0,4.0,0,R,1
2830,3,0.4714045207910317,1.6666666666666667,0,R,1
2831,3,0.0,3.0,0,R,1
2832,3,0.0,8.0,0,R,1
2833,1,0.4714045207910317,5.333333333333333,0,C,0
2834,1,0.0,5.0,0,C,0
2835,0,0.0,6.0,0,C,0
2836,1,0.4714045207910317,4.666666666666667,0,C,0
2837,2,0.0,7.0,0,R,1
2838,2,0.4714045207910317,4.666666666666667,0,R,1
2839,1,0.0,5.0,0,C,0
2840,2,0.0,5.0,0,R,1
2841,1,0.4714045207910317,2.6666666666666665,0,C,0
2842,3,0.0,6.0,0,R,1
2843,1,0.0,6.0,0,C,0
2844,0,0.0,3.0,0,C,0
2845,0,0.0,5.0,0,C,0
2846,1,0.4714045207910317,4.666666666666667,0,C,0
2847,3,0.4714045207910317,7.333333333333333,0,R,1
2848,0,0.0,5.0,0,C,0
2849,1,0.0,5.0,0,C,0
2850,0,0.0,3.0,0,C,0
2851,0,0.4714045207910317,4.333333333333333,0,C,0
2852,2,0.0,6.0,0,R,1
2853,1,0.4714045207910317,5.666666666666667,0,C,0
2854,1,0.4714045207910317,5.333333333333333,0,C,0
2855,1,0.0,4.0,0,C,0
2856,2,0.0,7.0,0,R,1
2857,0,0.0,3.0,0,C,0
2858,0,0.0,6.0,0,C,0
2859,0,0.4714045207910317,3.6666666666666665,0,C,0
2860,0,0.0,5.0,0,C,0
2861,1,0.4714045207910317,5.333333333333333,0,C,0
2862,0,0.4714045207910317,3.6666666666666665,0,C,0
2863,1,0.0,4.0,0,C,0
2864,1,0.0,5.0,0,C,0
2865,2,0.4714045207910317,4.333333333333333,0,R,1
2866,0,0.0,4.0,0,C,0
2867,3,0.4714045207910317,7.333333333333333,0,R,1
2868,2,0.9428090415820634,3.6666666666666665,0,R,1
2869,3,1.247219128924647,5.666666666666667,0,R,1
2870,0,0.816496580927726,4.0,0,C,1
2871,1,0.4714045207910317,4.333333333333333,0,C,0
2872,0,0.4714045207910317,4.333333333333333,0,C,0
2873,0,0.816496580927726,2.0,0,C,1
2874,1,0.4714045207910317,5.333333333333333,0,C,0
2875,1,0.4714045207910317,4.666666666666667,0,C,0
2876,2,0.4714045207910317,4.666666666666667,0,R,1
2877,0,0.4714045207910317,4.666666666666667,0,C,0
2878,2,0.4714045207910317,5.666666666666667,0,R,1
2879,2,0.4714045207910317,5.333333333333333,0,R,1
2880,1,0.4714045207910317,3.6666666666666665,0,C,0
2881,0,0.4714045207910317,5.666666666666667,0,C,0
2882,3,0.4714045207910317,5.666666666666667,0,R,1
2883,1,0.0,4.0,0,C,0
2884,1,0.4714045207910317,5.666666666666667,0,C,0
2885,0,0.0,6.0,0,C,0
2886,0,0.4714045207910317,4.333333333333333,0,C,0
2887,3,0.4714045207910317,6.666666666666667,0,R,1
2888,1,0.4714045207910317,3.6666666666666665,0,C,0
2889,2,0.816496580927726,2.0,0,R,1
2890,2,0.4714045207910317,5.333333333333333,0,R,1
2891,2,0.4714045207910317,4.333333333333333,0,R,1
2892,0,0.4714045207910317,3.333333333333333,0,C,0
2893,1,0.0,4.0,0,C,0
2894,1,0.4714045207910317,3.6666666666666665,0,C,0
2895,3,0.816496580927726,8.0,0,R,1
2896,0,0.0,5.0,0,C,0
2897,0,0.4714045207910317,2.6666666666666665,0,C,0
2898,0,0.4714045207910317,3.6666666666666665,0,C,0
2899,2,0.816496580927726,4.0,0,R,1
2900,1,0.4714045207910317,4.333333333333333,0,C,0
2901,2,0.816496580927726,4.0,0,R,1
2902,0,0.0,4.0,0,C,0
2903,3,0.0,3.0,0,R,1
2904,0,0.9428090415820634,3.6666666666666665,0,C,1
2905,1,0.0,3.0,0,C,0
2906,1,0.0,5.0,0,C,0
2907,0,0.4714045207910317,5.333333333333333,0,C,0
2908,3,0.4714045207910317,7.333333333333333,0,R,1
2909,1,0.0,1.0,0,C,0
2910,2,0.0,7.0,0,R,1
2911,1,0.4714045207910317,5.333333333333333,0,C,0
2912,0,0.4714045207910317,3.6666666666666665,0,C,0
2913,1,0.4714045207910317,4.666666666666667,0,C,0
2914,1,0.4714045207910317,4.333333333333333,0,C,0
2915,2,0.4714045207910317,6.666666666666667,0,R,1
2916,2,0.4714045207910317,5.333333333333333,0,R,1
2917,2,0.4714045207910317,5.333333333333333,0,R,1
2918,2,0.0,6.0,0,R,1
2919,0,0.816496580927726,3.0,0,C,1
2920,1,0.0,5.0,0,C,0
2921,3,0.4714045207910317,3.6666666666666665,0,R,1
2922,1,0.4714045207910317,2.333333333333333,0,C,0
2923,1,0.4714045207910317,2.6666666666666665,0,C,0
2924,1,0.9428090415820634,5.333333333333333,0,C,1
2925,1,0.0,3.0,0,C,0
2926,1,0.4714045207910317,4.666666666666667,0,C,0
2927,1,0.0,4.0,0,C,0
2928,2,0.0,6.0,0,R,1
2929,0,0.4714045207910317,4.333333333333333,0,C,0
2930,2,0.4714045207910317,6.333333333333333,0,R,1
2931,1,0.4714045207910317,4.666666666666667,0,C,0
2932,0,0.0,6.0,0,C,0
2933,3,0.4714045207910317,5.666666666666667,0,R,1
2934,0,0.4714045207910317,4.333333333333333,0,C,0
2935,0,0.4714045207910317,3.333333333333333,0,C,0
2936,0,0.4714045207910317,3.333333333333333,0,C,0
2937,0,0.4714045207910317,4.333333333333333,0,C,0
2938,1,0.0,4.0,0,C,0
2939,2,0.9428090415820634,3.6666666666666665,0,R,1
2940,1,0.4714045207910317,4.333333333333333,0,C,0
2941,0,0.4714045207910317,3.6666666666666665,0,C,0
2942,0,1.247219128924647,4.666666666666667,0,C,1
2943,2,0.4714045207910317,7.666666666666667,0,R,1
2944,0,0.4714045207910317,4.333333333333333,0,C,0
2945,0,0.0,5.0,0,C,0
2946,2,0.4714045207910317,5.333333333333333,0,R,1
2947,1,0.4714045207910317,5.666666666666667,0,C,0
2948,0,0.0,6.0,0,C,0
2949,2,0.9428090415820634,2.6666666666666665,0,R,1
2950,2,0.4714045207910317,5.666666666666667,0,R,1
2951,0,0.4714045207910317,6.666666666666667,0,C,0
2952,3,1.247219128924647,4.666666666666667,0,R,1
2953,2,0.0,5.0,0,R,1
2954,3,0.0,4.0,0,R,1
2955,0,0.0,5.0,0,C,0
2956,1,0.4714045207910317,7.666666666666667,0,C,0
2957,1,0.0,2.0,0,C,0
2958,1,0.4714045207910317,4.333333333333333,0,C,0
2959,0,0.4714045207910317,3.333333333333333,0,C,0
2960,0,0.4714045207910317,4.333333333333333,0,C,0
2961,1,0.4714045207910317,2.6666666666666665,0,C,0
2962,1,0.4714045207910317,4.333333333333333,0,C,0
2963,1,0.4714045207910317,6.333333333333333,0,C,0
2964,0,0.4714045207910317,3.6666666666666665,0,C,0
2965,2,0.0,3.0,0,R,1
2966,0,0.0,6.0,0,C,0
2967,0,0.4714045207910317,6.333333333333333,0,C,0
2968,0,0.4714045207910317,6.333333333333333,0,C,0
2969,0,0.0,5.0,0,C,0
2970,3,0.4714045207910317,4.666666666666667,0,R,1
2971,0,0.0,5.0,0,C,0
2972,2,0.9428090415820634,3.6666666666666665,0,R,1
2973,1,0.0,5.0,0,C,0
2974,1,0.4714045207910317,3.333333333333333,0,C,0
2975,2,0.0,6.0,0,R,1
2976,2,0.4714045207910317,4.666666666666667,0,R,1
2977,0,0.9428090415820634,3.6666666666666665,0,C,1
2978,0,0.4714045207910317,6.666666666666667,0,C,0
2979,1,0.4714045207910317,3.6666666666666665,0,C,0
2980,2,0.4714045207910317,2.333333333333333,0,R,1
2981,2,0.4714045207910317,3.333333333333333,0,R,1
2982,2,0.0,2.0,0,R,1
2983,2,0.4714045207910317,5.333333333333333,0,R,1
2984,3,0.4714045207910317,8.333333333333334,0,R,1
2985,0,0.4714045207910317,4.333333333333333,0,C,0
2986,1,0.4714045207910317,5.333333333333333,0,C,0
2987,1,0.4714045207910317,3.6666666666666665,0,C,0
2988,0,0.4714045207910317,3.333333333333333,0,C,0
2989,2,0.816496580927726,5.0,0,R,1
2990,0,0.4714045207910317,4.666666666666667,0,C,0
2991,0,0.4714045207910317,4.666666666666667,0,C,0
2992,3,0.4714045207910317,6.333333333333333,0,R,1
2993,2,0.9428090415820634,6.333333333333333,0,R,1
2994,1,0.0,3.0,0,C,0
2995,2,0.0,7.0,0,R,1
2996,0,0.0,5.0,0,C,0
2997,3,0.4714045207910317,8.333333333333334,0,R,1
2998,2,0.816496580927726,8.0,0,R,1
2999,1,0.4714045207910317,3.333333333333333,0,C,0
3000,2,0.4714045207910317,3.6666666666666665,0,R,1
3001,1,0.0,7.0,0,C,0
3002,2,0.4714045207910317,5.333333333333333,0,R,1
3003,2,0.9428090415820634,3.6666666666666665,0,R,1
3004,1,0.0,3.0,0,C,0
3005,2,0.4714045207910317,6.666666666666667,0,R,1
3006,3,0.4714045207910317,4.666666666666667,0,R,1
3007,0,0.4714045207910317,2.333333333333333,0,C,0
3008,0,0.816496580927726,4.0,0,C,1
3009,2,0.4714045207910317,5.666666666666667,0,R,1
3010,0,0.0,2.0,0,C,0
3011,2,0.4714045207910317,3.333333333333333,0,R,1
3012,2,0.0,5.0,0,R,1
3013,0,0.816496580927726,4.0,0,C,1
3014,1,0.4714045207910317,6.333333333333333,0,C,0
3015,2,0.4714045207910317,3.6666666666666665,0,R,1
3016,2,0.4714045207910317,5.666666666666667,0,R,1
3017,1,0.0,2.0,0,C,0
3018,0,0.4714045207910317,5.666666666666667,0,C,0
3019,1,0.4714045207910317,3.333333333333333,0,C,0
3020,0,0.4714045207910317,4.666666666666667,0,C,0
3021,0,0.4714045207910317,3.6666666666666665,0,C,0
3022,2,0.9428090415820634,4.333333333333333,0,R,1
3023,1,0.4714045207910317,5.666666666666667,0,C,0
3024,2,0.4714045207910317,3.6666666666666665,0,R,1
3025,3,0.0,9.0,0,R,1
3026,1,0.0,4.0,0,C,0
3027,2,0.4714045207910317,4.666666666666667,0,R,1
3028,1,0.0,5.0,0,C,0
3029,0,0.0,6.0,0,C,0
3030,1,0.4714045207910317,5.333333333333333,0,C,0
3031,2,0.0,5.0,0,R,1
3032,2,0.4714045207910317,7.333333333333333,0,R,1
3033,0,0.0,3.0,0,C,0
3034,1,0.4714045207910317,3.6666666666666665,0,C,0
3035,2,0.4714045207910317,3.333333333333333,0,R,1
3036,1,0.0,3.0,0,C,0
3037,1,0.4714045207910317,5.666666666666667,0,C,0
3038,2,0.4714045207910317,5.333333333333333,0,R,1
3039,3,0.816496580927726,7.0,0,R,1
3040,1,0.4714045207910317,5.333333333333333,0,C,0
3041,0,0.816496580927726,4.0,0,C,1
3042,1,0.4714045207910317,5.333333333333333,0,C,0
3043,1,0.4714045207910317,3.333333333333333,0,C,0
3044,1,0.816496580927726,3.0,0,C,1
3045,0,0.4714045207910317,4.333333333333333,0,C,0
3046,3,0.4714045207910317,7.666666666666667,0,R,1
3047,1,0.4714045207910317,3.6666666666666665,0,C,0
3048,0,0.0,6.0,0,C,0
3049,1,0.0,6.0,0,C,0
3050,1,0.4714045207910317,4.666666666666667,0,C,0
3051,0,0.4714045207910317,5.666666666666667,0,C,0
3052,1,0.816496580927726,6.0,0,C,1
3053,0,0.4714045207910317,3.6666666666666665,0,C,0
3054,2,0.4714045207910317,3.333333333333333,0,R,1
3055,2,0.4714045207910317,4.666666666666667,0,R,1
3056,1,0.0,5.0,0,C,0
3057,1,0.0,6.0,0,C,0
3058,1,0.0,5.0,0,C,0
3059,0,0.4714045207910317,5.333333333333333,0,C,0
3060,0,0.4714045207910317,5.333333333333333,0,C,0
3061,0,0.0,4.0,0,C,0
3062,1,0.4714045207910317,4.333333333333333,0,C,0
3063,0,0.0,4.0,0,C,0
3064,1,0.4714045207910317,3.6666666666666665,0,C,0
3065,1,0.4714045207910317,4.333333333333333,0,C,0
3066,2,0.0,5.0,0,R,1
3067,1,0.4714045207910317,4.666666666666667,0,C,0
3068,0,0.4714045207910317,3.6666666666666665,0,C,0
3069,1,0.0,5.0,0,C,0
3070,2,0.4714045207910317,2.6666666666666665,0,R,1
3071,0,0.0,4.0,0,C,0
3072,1,0.0,3.0,0,C,0
3073,2,0.4714045207910317,6.333333333333333,0,R,1
3074,0,0.0,4.0,0,C,0
3075,3,0.4714045207910317,8.666666666666666,0,R,1
3076,2,0.4714045207910317,7.666666666666667,0,R,1
3077,3,0.0,6.0,0,R,1
3078,0,0.0,4.0,0,C,0
3079,3,0.0,8.0,0,R,1
3080,0,0.816496580927726,5.0,0,C,1
3081,1,0.0,7.0,0,C,0
3082,1,0.0,5.0,0,C,0
3083,0,0.4714045207910317,6.333333333333333,0,C,0
3084,2,0.816496580927726,4.0,0,R,1
3085,1,0.816496580927726,5.0,0,C,1
3086,1,0.4714045207910317,4.666666666666667,0,C,0
3087,1,0.4714045207910317,3.333333333333333,0,C,0
3088,3,0.0,5.0,0,R,1
3089,0,0.4714045207910317,5.666666666666667,0,C,0
3090,0,0.4714045207910317,3.333333333333333,0,C,0
3091,0,0.0,5.0,0,C,0
3092,0,0.4714045207910317,4.333333333333333,0,C,0
3093,3,0.4714045207910317,6.666666666666667,0,R,1
3094,1,1.247219128924647,4.666666666666667,0,C,1
3095,0,0.4714045207910317,5.666666666666667,0,C,0
3096,2,0.4714045207910317,3.333333333333333,0,R,1
3097,0,0.4714045207910317,3.333333333333333,0,C,0
3098,0,0.4714045207910317,5.666666666666667,0,C,0
3099,0,0.4714045207910317,4.333333333333333,0,C,0
3100,1,0.0,4.0,0,C,0
3101,0,0.0,3.0,0,C,0
3102,2,0.0,5.0,0,R,1
3103,3,0.816496580927726,6.0,0,R,1
3104,0,0.4714045207910317,4.666666666666667,0,C,0
3105,0,0.4714045207910317,3.333333333333333,0,C,0
3106,1,0.0,3.0,0,C,0
3107,3,0.4714045207910317,5.333333333333333,0,R,1
3108,0,0.0,4.0,0,C,0
3109,2,1.699673171197595,5.333333333333333,0,R,1
3110,1,0.4714045207910317,5.333333333333333,0,C,0
3111,2,0.4714045207910317,5.333333333333333,0,R,1
3113,3,0.0,7.0,0,R,1
3114,1,0.0,6.0,0,C,0
3115,0,0.0,5.0,0,C,0
3116,3,0.4714045207910317,7.666666666666667,0,R,1
3117,2,0.816496580927726,5.0,0,R,1
3118,0,0.4714045207910317,5.333333333333333,0,C,0
3119,2,0.0,5.0,0,R,1
3120,1,0.4714045207910317,6.666666666666667,0,C,0
3121,0,0.4714045207910317,3.6666666666666665,0,C,0
3122,0,0.0,4.0,0,C,0
3123,1,0.4714045207910317,5.333333333333333,0,C,0
3124,0,0.4714045207910317,4.666666666666667,0,C,0
3125,0,0.4714045207910317,6.333333333333333,0,C,0
3126,0,0.4714045207910317,5.333333333333333,0,C,0
3127,0,0.0,4.0,0,C,0
3128,0,0.0,6.0,0,C,0
3129,1,0.4714045207910317,4.333333333333333,0,C,0
3130,3,0.0,1.0,0,R,1
3131,1,0.816496580927726,5.0,0,C,1
3132,0,0.4714045207910317,4.333333333333333,0,C,0
3133,1,0.4714045207910317,4.666666666666667,0,C,0
3134,1,0.4714045207910317,6.333333333333333,0,C,0
3135,2,0.9428090415820634,4.333333333333333,0,R,1
3136,0,0.0,6.0,0,C,0
3137,2,0.4714045207910317,5.666666666666667,0,R,1
3138,1,0.4714045207910317,5.666666666666667,0,C,0
3139,0,0.0,4.0,0,C,0
3140,0,0.0,3.0,0,C,0
3141,2,0.9428090415820634,4.333333333333333,0,R,1
3142,2,0.0,7.0,0,R,1
3143,0,0.4714045207910317,4.666666666666667,0,C,0
3144,2,0.0,4.0,0,R,1
3145,0,0.4714045207910317,3.333333333333333,0,C,0
3146,3,0.4714045207910317,7.333333333333333,0,R,1
3147,0,0.4714045207910317,6.666666666666667,0,C,0
3148,2,0.0,8.0,0,R,1
3149,3,0.816496580927726,5.0,0,R,1
3150,3,0.4714045207910317,6.666666666666667,0,R,1
3151,0,0.0,7.0,0,C,0
3152,0,0.0,3.0,0,C,0
3153,1,0.4714045207910317,3.6666666666666665,0,C,0
3154,1,0.9428090415820634,6.333333333333333,0,C,1
3155,-1,0.4714045207910317,3.6666666666666665,0,C,0
3156,1,0.4714045207910317,3.333333333333333,0,C,0
3157,1,0.816496580927726,2.0,0,C,1
3158,1,0.0,4.0,0,C,0
3159,3,0.4714045207910317,7.666666666666667,0,R,1
3160,0,0.0,4.0,0,C,0
3161,1,0.0,6.0,0,C,0
3162,3,0.0,6.0,0,R,1
3163,2,0.9428090415820634,1.6666666666666667,0,R,1
3164,1,0.0,5.0,0,C,0
3165,3,0.4714045207910317,4.666666666666667,0,R,1
3166,1,0.0,4.0,0,C,0
3167,1,0.0,6.0,0,C,0
3168,1,0.4714045207910317,1.3333333333333333,0,C,0
3169,0,0.4714045207910317,6.333333333333333,0,C,0
3170,0,0.0,5.0,0,C,0
3171,1,0.0,7.0,0,C,0
3172,1,0.4714045207910317,4.666666666666667,0,C,0
3173,0,0.4714045207910317,3.6666666666666665,0,C,0
3174,2,0.0,5.0,0,R,1
3175,1,0.0,4.0,0,C,0
3176,1,0.4714045207910317,2.333333333333333,0,C,0
3177,0,0.0,4.0,0,C,0
3178,0,0.0,5.0,0,C,0
3179,2,0.0,3.0,0,R,1
3180,2,0.816496580927726,5.0,0,R,1
3181,1,0.0,5.0,0,C,0
3182,0,0.4714045207910317,4.666666666666667,0,C,0
3183,2,0.4714045207910317,5.666666666666667,0,R,1
3184,3,0.4714045207910317,6.333333333333333,0,R,1
3185,0,0.0,2.0,0,C,0
3186,0,0.0,5.0,0,C,0
3187,0,0.4714045207910317,3.6666666666666665,0,C,0
3188,1,0.4714045207910317,3.333333333333333,0,C,0
3189,0,0.4714045207910317,4.333333333333333,0,C,0
3190,3,0.0,8.0,0,R,1
3191,2,0.0,4.0,0,R,1
3192,1,0.0,5.0,0,C,0
3193,2,0.0,5.0,0,R,1
3194,2,0.4714045207910317,7.333333333333333,0,R,1
3195,2,0.0,5.0,0,R,1
3196,0,0.0,5.0,0,C,0
3197,2,0.0,6.0,0,R,1
3198,1,0.4714045207910317,3.6666666666666665,0,C,0
3199,1,0.0,4.0,0,C,0
3200,2,0.4714045207910317,3.6666666666666665,0,R,1
3201,2,0.4714045207910317,4.666666666666667,0,R,1
3202,1,0.4714045207910317,4.666666666666667,0,C,0
3203,2,0.4714045207910317,6.333333333333333,0,R,1
3204,3,0.0,3.0,0,R,1
3205,0,0.0,5.0,0,C,0
3206,2,0.4714045207910317,3.6666666666666665,0,R,1
3207,0,0.0,6.0,0,C,0
3208,1,0.4714045207910317,4.333333333333333,0,C,0
3209,0,0.0,5.0,0,C,0
3210,1,0.4714045207910317,5.666666666666667,0,C,0
3211,3,0.816496580927726,7.0,0,R,1
3212,1,0.4714045207910317,4.666666666666667,0,C,0
3213,2,0.0,6.0,0,R,1
3214,2,0.0,4.0,0,R,1
3215,0,0.4714045207910317,3.333333333333333,0,C,0
3216,1,0.9428090415820634,4.666666666666667,0,C,1
3217,1,0.0,6.0,0,C,0
3218,1,0.0,3.0,0,C,0
3219,0,0.0,5.0,0,C,0
3220,0,0.4714045207910317,5.666666666666667,0,C,0
3221,0,0.4714045207910317,2.333333333333333,0,C,0
3222,1,0.4714045207910317,4.666666666666667,0,C,0
3223,1,0.4714045207910317,4.333333333333333,0,C,0
3224,3,0.0,5.0,0,R,1
3225,1,0.4714045207910317,4.666666666666667,0,C,0
3226,1,0.0,7.0,0,C,0
3227,0,0.4714045207910317,3.6666666666666665,0,C,0
3228,0,0.0,4.0,0,C,0
3229,3,0.0,9.0,0,R,1
3230,2,0.4714045207910317,5.666666666666667,0,R,1
3231,1,0.4714045207910317,6.333333333333333,0,C,0
3232,2,0.4714045207910317,8.666666666666666,0,R,1
3233,0,0.0,3.0,0,C,0
3234,1,0.4714045207910317,4.666666666666667,0,C,0
3235,1,0.4714045207910317,4.333333333333333,0,C,0
3236,0,0.4714045207910317,2.6666666666666665,0,C,0
3237,1,0.0,6.0,0,C,0
3238,2,0.4714045207910317,5.333333333333333,0,R,1
3239,0,0.0,4.0,0,C,0
3240,2,0.0,3.0,0,R,1
3241,3,0.0,5.0,0,R,1
3242,0,0.0,3.0,0,C,0
3243,0,0.0,4.0,0,C,0
3244,1,0.4714045207910317,1.6666666666666667,0,C,0
3245,0,0.4714045207910317,5.666666666666667,0,C,0
3246,3,0.4714045207910317,7.333333333333333,0,R,1
3247,1,0.0,4.0,0,C,0
3248,0,0.0,4.0,0,C,0
3249,1,0.4714045207910317,4.333333333333333,0,C,0
3250,0,0.0,4.0,0,C,0
3251,0,0.4714045207910317,4.333333333333333,0,C,0
3252,1,0.0,6.0,0,C,0
3253,0,0.0,4.0,0,C,0
3254,1,0.0,6.0,0,C,0
3255,2,0.4714045207910317,2.6666666666666665,0,R,1
3256,2,0.0,3.0,0,R,1
3257,2,0.4714045207910317,6.666666666666667,0,R,1
3258,0,0.0,6.0,0,C,0
3259,0,0.4714045207910317,4.333333333333333,0,C,0
3260,1,0.4714045207910317,4.333333333333333,0,C,0
3261,0,0.0,4.0,0,C,0
3262,3,0.0,7.0,0,R,1
3263,2,0.4714045207910317,3.6666666666666665,0,R,1
3264,1,0.4714045207910317,4.333333333333333,0,C,0
3265,3,0.4714045207910317,6.666666666666667,0,R,1
3266,2,0.4714045207910317,5.666666666666667,0,R,1
3267,0,0.4714045207910317,3.333333333333333,0,C,0
3268,2,0.0,8.0,0,R,1
3269,2,0.4714045207910317,6.666666666666667,0,R,1
3270,1,0.4714045207910317,5.666666666666667,0,C,0
3271,3,0.0,9.0,0,R,1
3272,0,0.4714045207910317,3.333333333333333,0,C,0
3273,2,0.4714045207910317,3.6666666666666665,0,R,1
3274,0,0.4714045207910317,4.666666666666667,0,C,0
3275,1,0.4714045207910317,4.666666666666667,0,C,0
3276,1,0.4714045207910317,2.6666666666666665,0,C,0
3277,0,0.0,5.0,0,C,0
3278,1,0.4714045207910317,5.666666666666667,0,C,0
3279,1,0.0,5.0,0,C,0
3280,1,0.816496580927726,4.0,0,C,1
3281,0,0.4714045207910317,4.666666666666667,0,C,0
3282,1,0.4714045207910317,5.333333333333333,0,C,0
3283,0,0.0,4.0,0,C,0
3284,3,0.4714045207910317,7.333333333333333,0,R,1
3285,1,0.0,4.0,0,C,0
3286,1,0.4714045207910317,4.666666666666667,0,C,0
3287,1,0.4714045207910317,2.6666666666666665,0,C,0
3288,3,0.0,6.0,0,R,1
3289,3,0.4714045207910317,2.6666666666666665,0,R,1
3290,1,0.0,3.0,0,C,0
3291,0,0.0,4.0,0,C,0
3292,1,0.4714045207910317,2.333333333333333,0,C,0
3293,3,0.4714045207910317,6.666666666666667,0,R,1
3294,1,0.4714045207910317,7.666666666666667,0,C,0
3295,0,0.0,3.0,0,C,0
3296,0,0.0,5.0,0,C,0
3297,1,0.0,5.0,0,C,0
3298,0,0.0,6.0,0,C,0
3299,1,0.0,5.0,0,C,0
3300,2,0.4714045207910317,4.666666666666667,0,R,1
3301,0,0.0,6.0,0,C,0
3302,0,0.4714045207910317,6.333333333333333,0,C,0
3303,0,0.0,5.0,0,C,0
3304,2,0.4714045207910317,3.333333333333333,0,R,1
3305,0,0.4714045207910317,4.333333333333333,0,C,0
3306,2,0.4714045207910317,3.6666666666666665,0,R,1
3307,1,0.816496580927726,4.0,0,C,1
3308,0,0.0,5.0,0,C,0
3309,2,0.4714045207910317,8.333333333333334,0,R,1
3310,1,0.9428090415820634,5.333333333333333,0,C,1
3311,1,0.0,4.0,0,C,0
3312,1,0.0,8.0,0,C,0
3313,2,0.0,5.0,0,R,1
3314,0,0.0,4.0,0,C,0
3315,3,0.4714045207910317,8.666666666666666,0,R,1
3316,3,0.0,2.0,0,R,1
3317,1,0.0,5.0,0,C,0
3318,0,0.0,6.0,0,C,0
3319,2,0.0,3.0,0,R,1
3320,0,0.4714045207910317,4.333333333333333,0,C,0
3321,1,0.816496580927726,5.0,0,C,1
3322,2,0.4714045207910317,5.666666666666667,0,R,1
3323,1,0.4714045207910317,4.666666666666667,0,C,0
3324,1,0.0,3.0,0,C,0
3325,0,0.0,6.0,0,C,0
3326,2,0.4714045207910317,4.333333333333333,0,R,1
3327,0,0.0,3.0,0,C,0
3328,0,0.0,4.0,0,C,0
3329,1,0.4714045207910317,4.333333333333333,0,C,0
3330,0,0.4714045207910317,4.666666666666667,0,C,0
3331,1,0.4714045207910317,5.333333333333333,0,C,0
3332,1,0.4714045207910317,7.333333333333333,0,C,0
3333,0,0.0,4.0,0,C,0
3334,0,0.0,6.0,0,C,0
3335,2,0.4714045207910317,6.666666666666667,0,R,1
3336,1,0.4714045207910317,4.333333333333333,0,C,0
3337,3,0.4714045207910317,9.333333333333334,0,R,1
3338,0,0.0,5.0,0,C,0
3339,1,0.0,5.0,0,C,0
3340,0,0.4714045207910317,3.333333333333333,0,C,0
3341,2,0.4714045207910317,5.666666666666667,0,R,1
3342,0,0.4714045207910317,4.666666666666667,0,C,0
3343,1,0.0,7.0,0,C,0
3344,0,0.4714045207910317,3.6666666666666665,0,C,0
3345,1,0.0,3.0,0,C,0
3346,2,0.0,6.0,0,R,1
3347,3,0.4714045207910317,7.333333333333333,0,R,1
3348,0,0.0,5.0,0,C,0
3349,1,0.4714045207910317,5.666666666666667,0,C,0
3350,0,0.0,6.0,0,C,0
3351,0,0.4714045207910317,4.666666666666667,0,C,0
3352,1,0.4714045207910317,4.333333333333333,0,C,0
3353,0,0.0,4.0,0,C,0
3354,0,0.4714045207910317,5.333333333333333,0,C,0
3355,0,0.4714045207910317,4.666666666666667,0,C,0
3356,1,0.0,5.0,0,C,0
3357,1,0.4714045207910317,5.666666666666667,0,C,0
3358,3,0.0,3.0,0,R,1
3359,1,0.0,3.0,0,C,0
3360,1,0.4714045207910317,4.333333333333333,0,C,0
3361,0,0.0,4.0,0,C,0
3362,2,0.0,7.0,0,R,1
3363,1,0.0,5.0,0,C,0
3364,1,0.0,6.0,0,C,0
3365,0,0.4714045207910317,2.333333333333333,0,C,0
3366,1,0.4714045207910317,5.666666666666667,0,C,0
3367,1,0.4714045207910317,4.666666666666667,0,C,0
3368,2,0.4714045207910317,6.333333333333333,0,R,1
3369,3,0.4714045207910317,8.666666666666666,0,R,1
3370,0,0.4714045207910317,4.333333333333333,0,C,0
3371,2,0.0,4.0,0,R,1
3372,2,0.0,8.0,0,R,1
3373,0,0.4714045207910317,6.333333333333333,0,C,0
3374,0,0.4714045207910317,4.666666666666667,0,C,0
3375,3,0.0,9.0,0,R,1
3376,0,0.4714045207910317,2.6666666666666665,0,C,0
3377,1,0.4714045207910317,5.666666666666667,0,C,0
3378,0,0.0,4.0,0,C,0
3379,0,0.0,3.0,0,C,0
3380,0,0.4714045207910317,4.333333333333333,0,C,0
3381,2,0.0,3.0,0,R,1
3382,1,0.4714045207910317,4.666666666666667,0,C,0
3383,2,0.4714045207910317,5.666666666666667,0,R,1
3384,0,0.4714045207910317,3.6666666666666665,0,C,0
3385,0,0.4714045207910317,4.666666666666667,0,C,0
3386,1,0.0,5.0,0,C,0
3387,0,0.0,6.0,0,C,0
3388,0,0.0,3.0,0,C,0
3389,1,0.4714045207910317,3.6666666666666665,0,C,0
3390,2,0.0,7.0,0,R,1
3391,1,0.0,2.0,0,C,0
3392,1,0.4714045207910317,4.333333333333333,0,C,0
3393,2,0.4714045207910317,8.666666666666666,0,R,1
3394,2,0.0,4.0,0,R,1
3395,1,0.4714045207910317,5.333333333333333,0,C,0
3396,3,0.4714045207910317,5.333333333333333,0,R,1
3397,1,0.4714045207910317,5.666666666666667,0,C,0
3398,0,0.0,4.0,0,C,0
3399,1,0.4714045207910317,5.666666666666667,0,C,0
3400,1,0.0,5.0,0,C,0
3401,0,0.4714045207910317,3.6666666666666665,0,C,0
3402,2,0.4714045207910317,1.6666666666666667,0,R,1
3403,2,0.4714045207910317,5.333333333333333,0,R,1
3404,2,0.4714045207910317,4.333333333333333,0,R,1
3405,2,0.4714045207910317,2.333333333333333,0,R,1
3406,0,0.0,4.0,0,C,0
3407,2,0.4714045207910317,5.666666666666667,0,R,1
3408,1,0.4714045207910317,3.6666666666666665,0,C,0
3409,0,0.4714045207910317,6.666666666666667,0,C,0
3410,1,0.4714045207910317,5.333333333333333,0,C,0
3411,1,0.0,6.0,0,C,0
3412,1,0.0,4.0,0,C,0
3413,0,0.0,6.0,0,C,0
3414,3,0.4714045207910317,5.666666666666667,0,R,1
3415,0,0.0,4.0,0,C,0
3416,0,0.816496580927726,5.0,0,C,1
3417,2,0.816496580927726,5.0,0,R,1
3418,0,0.4714045207910317,4.666666666666667,0,C,0
3419,1,0.4714045207910317,4.333333333333333,0,C,0
3420,1,0.4714045207910317,6.666666666666667,0,C,0
3421,1,0.4714045207910317,4.666666666666667,0,C,0
3422,1,0.0,6.0,0,C,0
3423,3,0.4714045207910317,5.666666666666667,0,R,1
3424,1,0.0,5.0,0,C,0
3425,2,0.4714045207910317,3.333333333333333,0,R,1
3426,1,0.4714045207910317,7.666666666666667,0,C,0
3427,0,0.0,4.0,0,C,0
3428,1,0.4714045207910317,4.333333333333333,0,C,0
3429,1,0.4714045207910317,4.333333333333333,0,C,0
3430,1,0.4714045207910317,4.666666666666667,0,C,0
3431,0,0.0,6.0,0,C,0
3432,1,0.4714045207910317,6.333333333333333,0,C,0
3433,1,0.4714045207910317,4.333333333333333,0,C,0
3434,1,0.4714045207910317,5.333333333333333,0,C,0
3435,2,0.4714045207910317,5.666666666666667,0,R,1
3436,0,0.0,5.0,0,C,0
3437,3,0.4714045207910317,2.333333333333333,0,R,1
3438,1,0.4714045207910317,4.333333333333333,0,C,0
3439,3,0.0,3.0,0,R,1
3440,0,0.0,5.0,0,C,0
3441,1,0.0,3.0,0,C,0
3442,2,0.816496580927726,5.0,0,R,1
3443,1,0.0,4.0,0,C,0
3444,2,0.4714045207910317,5.666666666666667,0,R,1
3445,3,0.0,7.0,0,R,1
3446,0,0.4714045207910317,4.333333333333333,0,C,0
3447,1,0.0,4.0,0,C,0
3448,1,0.0,5.0,0,C,0
3449,1,0.0,7.0,0,C,0
3450,0,0.4714045207910317,4.333333333333333,0,C,0
3451,3,0.0,6.0,0,R,1
3452,0,0.0,5.0,0,C,0
3453,1,0.0,2.0,0,C,0
3454,3,0.816496580927726,3.0,0,R,1
3455,0,0.0,6.0,0,C,0
3456,0,0.4714045207910317,3.333333333333333,0,C,0
3457,0,0.0,4.0,0,C,0
3458,2,0.816496580927726,5.0,0,R,1
3459,0,0.4714045207910317,3.333333333333333,0,C,0
3460,2,0.4714045207910317,6.333333333333333,0,R,1
3461,1,0.0,7.0,0,C,0
3462,1,0.4714045207910317,6.666666666666667,0,C,0
3463,2,0.4714045207910317,3.6666666666666665,0,R,1
3464,2,0.816496580927726,3.0,0,R,1
3465,0,0.4714045207910317,5.333333333333333,0,C,0
3466,0,0.0,4.0,0,C,0
3467,1,0.4714045207910317,6.333333333333333,0,C,0
3468,1,0.9428090415820634,5.333333333333333,0,C,1
3469,2,0.4714045207910317,4.333333333333333,0,R,1
3470,0,0.4714045207910317,4.666666666666667,0,C,0
3471,0,0.0,5.0,0,C,0
3472,2,0.816496580927726,6.0,0,R,1
3473,0,0.0,4.0,0,C,0
3474,2,0.4714045207910317,3.333333333333333,0,R,1
3475,1,0.0,4.0,0,C,0
3476,0,0.0,4.0,0,C,0
3477,1,0.0,5.0,0,C,0
3478,3,0.0,8.0,0,R,1
3479,1,0.9428090415820634,1.6666666666666667,0,C,1
3480,2,0.4714045207910317,5.666666666666667,0,R,1
3481,1,0.0,4.0,0,C,0
3482,0,0.4714045207910317,3.6666666666666665,0,C,0
3483,0,0.0,5.0,0,C,0
3484,1,0.4714045207910317,4.666666666666667,0,C,0
3485,1,0.0,4.0,0,C,0
3486,1,0.4714045207910317,2.6666666666666665,0,C,0
3487,1,0.0,4.0,0,C,0
3488,2,0.4714045207910317,7.666666666666667,0,R,1
3489,0,0.0,5.0,0,C,0
3490,2,0.4714045207910317,7.666666666666667,0,R,1
3491,2,0.4714045207910317,4.333333333333333,0,R,1
3492,0,0.0,4.0,0,C,0
3493,2,0.4714045207910317,2.6666666666666665,0,R,1
3494,0,0.0,4.0,0,C,0
3495,0,0.4714045207910317,3.6666666666666665,0,C,0
3496,2,0.0,0.0,0,R,1
3497,0,0.0,6.0,0,C,0
3498,0,0.0,3.0,0,C,0
3499,1,0.4714045207910317,4.666666666666667,0,C,0
3500,0,0.0,6.0,0,C,0
3501,1,0.4714045207910317,4.666666666666667,0,C,0
3502,2,0.0,6.0,0,R,1
3503,1,0.4714045207910317,5.333333333333333,0,C,0
3504,2,0.4714045207910317,4.666666666666667,0,R,1
3505,2,1.699673171197595,5.333333333333333,0,R,1
3506,3,0.4714045207910317,4.333333333333333,0,R,1
3507,1,0.4714045207910317,5.666666666666667,0,C,0
3508,0,0.4714045207910317,4.666666666666667,0,C,0
3509,1,0.0,7.0,0,C,0
3510,0,0.4714045207910317,4.333333333333333,0,C,0
3511,1,0.0,4.0,0,C,0
3512,0,0.4714045207910317,5.666666666666667,0,C,0
3513,0,0.4714045207910317,3.333333333333333,0,C,0
3514,0,0.0,3.0,0,C,0
3515,1,0.4714045207910317,5.333333333333333,0,C,0
3516,2,0.4714045207910317,3.6666666666666665,0,R,1
3517,1,0.4714045207910317,3.6666666666666665,0,C,0
3518,3,0.4714045207910317,7.333333333333333,0,R,1
3519,2,0.4714045207910317,6.333333333333333,0,R,1
3520,2,0.4714045207910317,1.6666666666666667,0,R,1
3521,0,0.4714045207910317,6.333333333333333,0,C,0
3522,2,0.4714045207910317,5.666666666666667,0,R,1
3523,1,0.4714045207910317,2.6666666666666665,0,C,0
3524,1,0.9428090415820634,6.333333333333333,0,C,1
3525,1,0.4714045207910317,5.666666666666667,0,C,0
3526,2,0.4714045207910317,4.666666666666667,0,R,1
3527,1,0.816496580927726,2.0,0,C,1
3528,1,0.0,7.0,0,C,0
3529,0,0.0,5.0,0,C,0
3530,3,0.4714045207910317,8.333333333333334,0,R,1
3531,1,0.4714045207910317,1.6666666666666667,0,C,0
3532,2,0.4714045207910317,4.666666666666667,0,R,1
3533,2,0.0,4.0,0,R,1
3534,1,0.4714045207910317,3.6666666666666665,0,C,0
3535,2,0.9428090415820634,6.333333333333333,0,R,1
3536,2,0.0,7.0,0,R,1
3537,2,0.816496580927726,5.0,0,R,1
3538,1,0.0,5.0,0,C,0
3539,0,0.4714045207910317,4.666666666666667,0,C,0
3540,0,0.0,5.0,0,C,0
3541,1,0.0,3.0,0,C,0
3542,0,0.4714045207910317,5.333333333333333,0,C,0
3543,0,0.0,5.0,0,C,0
3544,0,0.4714045207910317,2.6666666666666665,0,C,0
3545,1,0.4714045207910317,6.666666666666667,0,C,0
3546,0,0.0,5.0,0,C,0
3547,1,0.0,5.0,0,C,0
3548,0,0.4714045207910317,4.666666666666667,0,C,0
3549,3,0.4714045207910317,5.333333333333333,0,R,1
3550,3,0.816496580927726,3.0,0,R,1
3551,0,0.4714045207910317,3.333333333333333,0,C,0
3552,1,0.4714045207910317,6.666666666666667,0,C,0
3553,1,0.0,1.0,0,C,0
3554,2,0.0,4.0,0,R,1
3555,1,0.4714045207910317,2.6666666666666665,0,C,0
3556,1,0.4714045207910317,5.666666666666667,0,C,0
3557,0,0.4714045207910317,4.666666666666667,0,C,0
3558,0,0.4714045207910317,3.6666666666666665,0,C,0
3559,0,0.0,6.0,0,C,0
3560,2,0.4714045207910317,4.666666666666667,0,R,1
3561,0,0.0,4.0,0,C,0
3562,1,0.816496580927726,5.0,0,C,1
3563,2,0.0,6.0,0,R,1
3564,2,0.0,4.0,0,R,1
3565,0,0.4714045207910317,4.666666666666667,0,C,0
3566,1,0.4714045207910317,3.333333333333333,0,C,0
3567,0,0.0,7.0,0,C,0
3568,2,0.0,7.0,0,R,1
3569,1,0.0,4.0,0,C,0
3570,0,0.0,4.0,0,C,0
3571,0,0.4714045207910317,4.333333333333333,0,C,0
3572,3,0.9428090415820634,4.333333333333333,0,R,1
3573,1,0.0,6.0,0,C,0
3574,2,0.4714045207910317,2.333333333333333,0,R,1
3575,0,0.4714045207910317,4.666666666666667,0,C,0
3576,0,0.4714045207910317,2.6666666666666665,0,C,0
3577,1,0.0,5.0,0,C,0
3578,3,0.4714045207910317,8.333333333333334,0,R,1
3579,0,0.4714045207910317,3.6666666666666665,0,C,0
3580,0,0.0,4.0,0,C,0
3581,1,0.4714045207910317,6.333333333333333,0,C,0
3582,0,0.0,4.0,0,C,0
3583,0,0.4714045207910317,4.333333333333333,0,C,0
3584,0,0.9428090415820634,4.333333333333333,0,C,1
3585,0,0.4714045207910317,4.666666666666667,0,C,0
3586,0,0.0,5.0,0,C,0
3587,0,0.0,4.0,0,C,0
3588,1,0.4714045207910317,3.333333333333333,0,C,0
3589,2,0.4714045207910317,5.333333333333333,0,R,1
3590,2,0.4714045207910317,2.6666666666666665,0,R,1
3591,2,0.4714045207910317,1.3333333333333333,0,R,1
3592,0,0.4714045207910317,3.6666666666666665,0,C,0
3593,2,0.4714045207910317,5.333333333333333,0,R,1
3594,1,0.0,7.0,0,C,0
3595,1,0.816496580927726,2.0,0,C,1
3596,1,0.4714045207910317,3.333333333333333,0,C,0
3597,0,0.816496580927726,5.0,0,C,1
3598,0,0.0,4.0,0,C,0
3599,0,0.4714045207910317,4.333333333333333,0,C,0
3600,0,0.4714045207910317,5.666666666666667,0,C,0
3601,0,0.4714045207910317,4.666666666666667,0,C,0
3602,0,0.4714045207910317,4.666666666666667,0,C,0
3603,0,0.4714045207910317,4.666666666666667,0,C,0
3604,0,0.4714045207910317,4.333333333333333,0,C,0
3605,2,0.816496580927726,2.0,0,R,1
3606,0,0.0,6.0,0,C,0
3607,1,0.4714045207910317,3.333333333333333,0,C,0
3608,2,0.4714045207910317,4.666666666666667,0,R,1
3609,0,0.816496580927726,4.0,0,C,1
3610,1,0.4714045207910317,3.6666666666666665,0,C,0
3611,3,0.9428090415820634,4.333333333333333,0,R,1
3612,2,0.0,4.0,0,R,1
3613,0,0.4714045207910317,5.666666666666667,0,C,0
3614,0,0.816496580927726,4.0,0,C,1
3615,0,0.4714045207910317,4.666666666666667,0,C,0
3616,1,0.4714045207910317,6.666666666666667,0,C,0
3617,3,0.4714045207910317,8.666666666666666,0,R,1
3618,2,0.0,4.0,0,R,1
3619,3,1.8856180831641267,4.666666666666667,0,R,1
3620,2,0.4714045207910317,3.333333333333333,0,R,1
3621,1,0.4714045207910317,4.666666666666667,0,C,0
3622,0,0.4714045207910317,3.6666666666666665,0,C,0
3623,1,0.4714045207910317,4.333333333333333,0,C,0
3624,2,0.0,4.0,0,R,1
3625,0,0.0,4.0,0,C,0
3626,2,0.4714045207910317,2.333333333333333,0,R,1
3627,2,0.0,5.0,0,R,1
3628,3,0.9428090415820634,7.333333333333333,0,R,1
3629,0,0.0,3.0,0,C,0
3630,1,0.0,5.0,0,C,0
3631,1,0.0,6.0,0,C,0
3632,2,0.0,3.0,0,R,1
3633,2,0.4714045207910317,3.6666666666666665,0,R,1
3634,2,0.4714045207910317,4.333333333333333,0,R,1
3635,2,1.247219128924647,4.666666666666667,0,R,1
3636,2,0.0,7.0,0,R,1
3637,3,1.247219128924647,5.666666666666667,0,R,1
3638,2,0.816496580927726,4.0,0,R,1
3639,1,0.0,5.0,0,C,0
3640,1,0.0,4.0,0,C,0
3641,1,0.4714045207910317,3.6666666666666665,0,C,0
3642,0,0.4714045207910317,5.666666666666667,0,C,0
3643,1,0.0,1.0,0,C,0
3644,1,0.816496580927726,5.0,0,C,1
3645,1,0.4714045207910317,2.6666666666666665,0,C,0
3646,1,0.0,5.0,0,C,0
3647,1,0.4714045207910317,4.666666666666667,0,C,0
3648,2,0.816496580927726,7.0,0,R,1
3649,0,0.0,5.0,0,C,0
3650,1,0.0,6.0,0,C,0
3651,2,0.4714045207910317,6.666666666666667,0,R,1
3652,1,0.0,6.0,0,C,0
3653,0,0.4714045207910317,4.666666666666667,0,C,0
3654,1,0.4714045207910317,4.666666666666667,0,C,0
3655,0,0.0,5.0,0,C,0
3656,2,0.0,4.0,0,R,1
3657,3,0.0,3.0,0,R,1
3658,1,0.4714045207910317,3.6666666666666665,0,C,0
3659,3,0.4714045207910317,7.666666666666667,0,R,1
3660,0,0.4714045207910317,5.666666666666667,0,C,0
3661,0,0.4714045207910317,5.666666666666667,0,C,0
3662,2,0.4714045207910317,2.6666666666666665,0,R,1
3663,2,0.4714045207910317,4.333333333333333,0,R,1
3664,1,0.0,3.0,0,C,0
3665,0,0.4714045207910317,4.666666666666667,0,C,0
3666,0,0.4714045207910317,3.333333333333333,0,C,0
3667,1,0.4714045207910317,5.333333333333333,0,C,0
3668,1,0.4714045207910317,1.6666666666666667,0,C,0
3669,0,0.4714045207910317,3.333333333333333,0,C,0
3670,3,0.816496580927726,4.0,0,R,1
3671,1,0.0,3.0,0,C,0
3672,1,0.4714045207910317,4.333333333333333,0,C,0
3673,1,0.0,5.0,0,C,0
3674,0,0.4714045207910317,3.6666666666666665,0,C,0
3675,1,0.816496580927726,3.0,0,C,1
3676,2,1.247219128924647,4.666666666666667,0,R,1
3677,2,0.4714045207910317,1.6666666666666667,0,R,1
3678,1,0.0,6.0,0,C,0
3679,0,0.0,3.0,0,C,0
3680,1,0.4714045207910317,5.666666666666667,0,C,0
3681,0,0.4714045207910317,6.666666666666667,0,C,0
3682,0,0.4714045207910317,3.333333333333333,0,C,0
3683,1,0.4714045207910317,5.666666666666667,0,C,0
3684,0,0.0,5.0,0,C,0
3685,1,0.4714045207910317,4.666666666666667,0,C,0
3686,1,0.0,5.0,0,C,0
3687,2,0.0,7.0,0,R,1
3688,0,0.4714045207910317,6.333333333333333,0,C,0
3689,0,0.0,3.0,0,C,0
3690,0,0.4714045207910317,5.666666666666667,0,C,0
3691,0,0.0,6.0,0,C,0
3692,2,0.4714045207910317,4.333333333333333,0,R,1
3693,2,0.0,4.0,0,R,1
3694,1,0.0,4.0,0,C,0
3695,0,0.4714045207910317,4.666666666666667,0,C,0
3696,1,0.4714045207910317,3.6666666666666665,0,C,0
3697,3,0.4714045207910317,3.333333333333333,0,R,1
3698,1,0.4714045207910317,4.666666666666667,0,C,0
3699,0,0.816496580927726,4.0,0,C,1
3700,1,0.4714045207910317,3.6666666666666665,0,C,0
3701,1,0.0,5.0,0,C,0
3702,3,0.4714045207910317,6.666666666666667,0,R,1
3703,2,0.0,5.0,0,R,1
3704,1,0.4714045207910317,6.333333333333333,0,C,0
3705,2,0.4714045207910317,4.333333333333333,0,R,1
3706,1,0.4714045207910317,6.333333333333333,0,C,0
3707,1,0.4714045207910317,4.333333333333333,0,C,0
3708,1,0.4714045207910317,5.666666666666667,0,C,0
3709,0,0.816496580927726,4.0,0,C,1
3710,2,1.247219128924647,4.666666666666667,0,R,1
3711,0,0.0,5.0,0,C,0
3712,2,0.4714045207910317,6.333333333333333,0,R,1
3713,3,0.4714045207910317,6.666666666666667,0,R,1
3714,0,0.0,3.0,0,C,0
3715,1,0.4714045207910317,6.666666666666667,0,C,0
3716,0,0.4714045207910317,2.6666666666666665,0,C,0
3717,2,0.9428090415820634,8.333333333333334,0,R,1
3718,1,0.0,5.0,0,C,0
3719,1,0.4714045207910317,5.333333333333333,0,C,0
3720,1,0.9428090415820634,3.333333333333333,0,C,1
3721,0,0.0,5.0,0,C,0
3722,1,0.4714045207910317,4.666666666666667,0,C,0
3723,2,0.0,3.0,0,R,1
3724,2,0.4714045207910317,2.6666666666666665,0,R,1
3725,1,0.4714045207910317,6.666666666666667,0,C,0
3726,2,0.0,5.0,0,R,1
3727,1,0.0,5.0,0,C,0
3728,1,1.4142135623730951,4.0,0,C,1
3729,2,0.0,4.0,0,R,1
3730,1,0.4714045207910317,4.666666666666667,0,C,0
3731,3,0.0,1.0,0,R,1
3732,3,0.9428090415820634,7.333333333333333,0,R,1
3733,0,0.4714045207910317,3.333333333333333,0,C,0
3734,2,0.4714045207910317,4.333333333333333,0,R,1
3735,1,0.0,4.0,0,C,0
3736,1,0.4714045207910317,5.333333333333333,0,C,0
3738,1,0.4714045207910317,4.333333333333333,0,C,0
3739,2,0.4714045207910317,1.6666666666666667,0,R,1
3740,1,0.4714045207910317,3.6666666666666665,0,C,0
3741,2,0.4714045207910317,4.666666666666667,0,R,1
3742,0,0.0,5.0,0,C,0
3743,0,0.0,6.0,0,C,0
3744,1,0.4714045207910317,6.666666666666667,0,C,0
3745,2,0.0,5.0,0,R,1
3746,2,0.4714045207910317,5.333333333333333,0,R,1
3747,1,0.4714045207910317,3.6666666666666665,0,C,0
3748,2,0.9428090415820634,3.333333333333333,0,R,1
3749,2,0.4714045207910317,6.333333333333333,0,R,1
3750,0,0.0,5.0,0,C,0
3751,2,0.0,3.0,0,R,1
3752,0,0.4714045207910317,4.333333333333333,0,C,0
3753,0,0.9428090415820634,2.6666666666666665,0,C,1
3754,0,0.4714045207910317,4.666666666666667,0,C,0
3755,1,0.4714045207910317,4.666666666666667,0,C,0
3756,2,0.4714045207910317,4.333333333333333,0,R,1
3757,2,0.0,7.0,0,R,1
3758,1,0.0,5.0,0,C,0
3759,1,0.4714045207910317,2.6666666666666665,0,C,0
3760,2,0.4714045207910317,5.333333333333333,0,R,1
3761,0,0.0,4.0,0,C,0
3762,2,0.4714045207910317,5.666666666666667,0,R,1
3763,2,0.0,6.0,0,R,1
3764,1,0.4714045207910317,5.666666666666667,0,C,0
3765,0,0.0,4.0,0,C,0
3766,3,0.4714045207910317,6.666666666666667,0,R,1
3767,1,0.4714045207910317,3.333333333333333,0,C,0
3768,3,1.4142135623730951,5.0,0,R,1
3769,1,0.0,3.0,0,C,0
3770,0,0.0,6.0,0,C,0
3771,2,0.0,4.0,0,R,1
3772,1,0.4714045207910317,2.6666666666666665,0,C,0
3773,0,0.0,4.0,0,C,0
3774,1,0.0,6.0,0,C,0
3775,0,0.4714045207910317,4.333333333333333,0,C,0
3776,1,0.0,5.0,0,C,0
3777,2,0.4714045207910317,2.333333333333333,0,R,1
3778,0,0.0,5.0,0,C,0
3779,0,0.4714045207910317,2.6666666666666665,0,C,0
3780,1,0.0,5.0,0,C,0
3781,1,0.4714045207910317,3.6666666666666665,0,C,0
3782,1,1.247219128924647,5.666666666666667,0,C,1
3783,1,0.4714045207910317,6.333333333333333,0,C,0
3784,0,0.4714045207910317,4.666666666666667,0,C,0
3785,2,0.4714045207910317,4.333333333333333,0,R,1
3786,1,0.0,5.0,0,C,0
3787,0,0.9428090415820634,3.333333333333333,0,C,1
3788,1,0.0,6.0,0,C,0
3789,1,0.0,4.0,0,C,0
3790,2,1.247219128924647,5.666666666666667,0,R,1
3791,0,0.4714045207910317,5.333333333333333,0,C,0
3792,0,0.4714045207910317,4.666666666666667,0,C,0
3793,0,0.816496580927726,3.0,0,C,1
3794,1,0.0,7.0,0,C,0
3795,0,0.4714045207910317,5.333333333333333,0,C,0
3796,0,0.0,5.0,0,C,0
3797,1,0.0,4.0,0,C,0
3798,0,0.4714045207910317,5.333333333333333,0,C,0
3799,1,0.0,4.0,0,C,0
3800,1,0.4714045207910317,3.333333333333333,0,C,0
3801,1,0.0,6.0,0,C,0
3802,0,0.0,5.0,0,C,0
3803,0,0.0,5.0,0,C,0
3804,2,0.0,5.0,0,R,1
3805,1,0.4714045207910317,4.666666666666667,0,C,0
3806,3,0.816496580927726,4.0,0,R,1
3807,3,0.9428090415820634,5.333333333333333,0,R,1
3808,0,0.0,6.0,0,C,0
3809,0,0.4714045207910317,3.6666666666666665,0,C,0
3810,1,0.0,6.0,0,C,0
3811,0,0.4714045207910317,4.666666666666667,0,C,0
3812,0,0.0,5.0,0,C,0
3813,2,0.4714045207910317,6.666666666666667,0,R,1
3814,1,0.4714045207910317,2.333333333333333,0,C,0
3815,2,0.0,5.0,0,R,1
3816,3,0.0,6.0,0,R,1
3817,0,0.0,6.0,0,C,0
3818,3,1.247219128924647,5.666666666666667,0,R,1
3819,1,0.0,5.0,0,C,0
3820,2,0.4714045207910317,3.6666666666666665,0,R,1
3821,1,0.9428090415820634,3.333333333333333,0,C,1
3822,0,0.816496580927726,4.0,0,C,1
3823,2,0.9428090415820634,4.333333333333333,0,R,1
3824,1,0.4714045207910317,4.333333333333333,0,C,0
3825,1,0.0,5.0,0,C,0
3826,2,0.0,3.0,0,R,1
3827,0,0.4714045207910317,5.333333333333333,0,C,0
3828,2,0.4714045207910317,4.666666666666667,0,R,1
3829,1,0.4714045207910317,4.333333333333333,0,C,0
3830,1,0.0,4.0,0,C,0
3831,2,0.4714045207910317,5.666666666666667,0,R,1
3832,1,0.4714045207910317,3.333333333333333,0,C,0
3833,0,0.4714045207910317,3.6666666666666665,0,C,0
3834,0,0.4714045207910317,4.666666666666667,0,C,0
3835,1,0.4714045207910317,4.666666666666667,0,C,0
3836,0,0.4714045207910317,4.666666666666667,0,C,0
3837,2,0.4714045207910317,3.333333333333333,0,R,1
3838,2,1.247219128924647,3.6666666666666665,0,R,1
3839,2,0.4714045207910317,3.333333333333333,0,R,1
3840,0,0.0,6.0,0,C,0
3841,1,0.4714045207910317,5.666666666666667,0,C,0
3842,1,0.0,5.0,0,C,0
3843,2,0.4714045207910317,6.333333333333333,0,R,1
3844,1,0.4714045207910317,4.333333333333333,0,C,0
3845,3,0.4714045207910317,6.333333333333333,0,R,1
3846,1,0.4714045207910317,5.666666666666667,0,C,0
3847,0,0.0,5.0,0,C,0
3848,0,0.0,3.0,0,C,0
3849,2,0.0,5.0,0,R,1
3850,1,0.4714045207910317,3.333333333333333,0,C,0
3851,2,0.0,3.0,0,R,1
3852,3,0.4714045207910317,7.333333333333333,0,R,1
3853,0,0.0,5.0,0,C,0
3854,0,0.4714045207910317,3.333333333333333,0,C,0
3855,3,0.9428090415820634,3.6666666666666665,0,R,1
3856,0,0.0,6.0,0,C,0
3857,3,0.4714045207910317,6.666666666666667,0,R,1
3858,2,0.0,4.0,0,R,1
3859,2,0.816496580927726,3.0,0,R,1
3860,0,0.4714045207910317,3.6666666666666665,0,C,0
3861,1,0.4714045207910317,3.333333333333333,0,C,0
3862,0,0.0,5.0,0,C,0
3863,0,0.816496580927726,3.0,0,C,1
3864,1,0.4714045207910317,5.666666666666667,0,C,0
3865,1,0.0,5.0,0,C,0
3866,1,0.0,4.0,0,C,0
3867,0,0.0,5.0,0,C,0
3868,2,0.0,8.0,0,R,1
3869,1,0.816496580927726,6.0,0,C,1
3870,2,0.0,4.0,0,R,1
3871,0,0.9428090415820634,3.6666666666666665,0,C,1
3872,1,0.0,5.0,0,C,0
3873,0,0.816496580927726,5.0,0,C,1
3874,2,0.0,3.0,0,R,1
3875,2,0.816496580927726,2.0,0,R,1
3876,0,0.4714045207910317,4.333333333333333,0,C,0
3877,2,0.0,5.0,0,R,1
3878,0,0.0,4.0,0,C,0
3879,1,0.4714045207910317,6.333333333333333,0,C,0
3880,2,0.4714045207910317,3.6666666666666665,0,R,1
3881,3,0.4714045207910317,7.666666666666667,0,R,1
3882,0,0.816496580927726,4.0,0,C,1
3883,2,0.4714045207910317,6.333333333333333,0,R,1
3884,2,0.0,7.0,0,R,1
3885,1,1.699673171197595,4.333333333333333,0,C,1
3886,1,0.0,3.0,0,C,0
3887,0,0.4714045207910317,5.333333333333333,0,C,0
3888,1,0.4714045207910317,5.333333333333333,0,C,0
3889,0,0.4714045207910317,3.6666666666666665,0,C,0
3890,1,0.4714045207910317,5.333333333333333,0,C,0
3891,0,0.0,3.0,0,C,0
3892,1,0.4714045207910317,2.6666666666666665,0,C,0
3893,0,0.4714045207910317,4.666666666666667,0,C,0
3894,2,0.4714045207910317,6.666666666666667,0,R,1
3895,2,0.816496580927726,5.0,0,R,1
3896,3,1.4142135623730951,6.0,0,R,1
3897,1,0.4714045207910317,7.333333333333333,0,C,0
3898,0,0.4714045207910317,2.6666666666666665,0,C,0
3899,3,0.9428090415820634,7.333333333333333,0,R,1
3900,2,0.4714045207910317,2.6666666666666665,0,R,1
3901,1,0.0,4.0,0,C,0
3902,1,0.0,5.0,0,C,0
3903,0,0.4714045207910317,2.6666666666666665,0,C,0
3904,1,0.4714045207910317,4.666666666666667,0,C,0
3905,1,0.4714045207910317,6.666666666666667,0,C,0
3906,2,0.4714045207910317,5.333333333333333,0,R,1
3907,1,0.4714045207910317,7.333333333333333,0,C,0
3908,1,0.4714045207910317,4.666666666666667,0,C,0
3909,3,1.247219128924647,6.666666666666667,0,R,1
3910,0,0.0,5.0,0,C,0
3911,0,0.4714045207910317,4.333333333333333,0,C,0
3912,1,0.816496580927726,7.0,0,C,1
3913,2,0.4714045207910317,6.666666666666667,0,R,1
3914,0,0.0,6.0,0,C,0
3915,0,0.0,6.0,0,C,0
3916,3,0.4714045207910317,4.666666666666667,0,R,1
3917,0,0.0,5.0,0,C,0
3918,0,0.0,6.0,0,C,0
3919,1,0.4714045207910317,4.333333333333333,0,C,0
3920,1,0.4714045207910317,5.666666666666667,0,C,0
3921,0,0.4714045207910317,3.333333333333333,0,C,0
3922,2,0.4714045207910317,4.333333333333333,0,R,1
3923,0,0.0,5.0,0,C,0
3924,1,0.4714045207910317,3.6666666666666665,0,C,0
3925,1,0.4714045207910317,7.333333333333333,0,C,0
3926,2,0.4714045207910317,3.333333333333333,0,R,1
3927,0,0.4714045207910317,7.666666666666667,0,C,0
3928,3,0.816496580927726,5.0,0,R,1
3929,2,0.9428090415820634,1.6666666666666667,0,R,1
3930,1,0.0,3.0,0,C,0
3931,0,0.4714045207910317,3.6666666666666665,0,C,0
3932,3,0.4714045207910317,6.666666666666667,0,R,1
3933,0,0.0,5.0,0,C,0
3934,1,0.0,6.0,0,C,0
3935,2,0.4714045207910317,5.333333333333333,0,R,1
3936,0,0.4714045207910317,3.6666666666666665,0,C,0
3937,1,0.4714045207910317,4.333333333333333,0,C,0
3938,1,0.4714045207910317,4.333333333333333,0,C,0
3939,0,0.816496580927726,2.0,0,C,1
3940,0,0.0,5.0,0,C,0
3941,2,0.0,3.0,0,R,1
3942,0,0.0,4.0,0,C,0
3943,2,0.4714045207910317,5.333333333333333,0,R,1
3944,2,0.4714045207910317,5.666666666666667,0,R,1
3945,1,0.4714045207910317,4.666666666666667,0,C,0
3946,0,0.4714045207910317,5.666666666666667,0,C,0
3947,1,0.4714045207910317,3.333333333333333,0,C,0
3948,2,0.0,1.0,0,R,1
3949,-1,0.4714045207910317,2.333333333333333,0,C,0
3950,1,0.4714045207910317,5.666666666666667,0,C,0
3951,1,0.816496580927726,4.0,0,C,1
3952,1,0.0,5.0,0,C,0
3953,0,0.4714045207910317,5.666666666666667,0,C,0
3954,0,0.4714045207910317,4.333333333333333,0,C,0
3955,0,0.0,4.0,0,C,0
3956,0,0.0,3.0,0,C,0
3957,0,0.0,5.0,0,C,0
3958,2,0.4714045207910317,5.333333333333333,0,R,1
3959,0,0.0,7.0,0,C,0
3960,0,0.4714045207910317,5.666666666666667,0,C,0
3961,2,0.4714045207910317,3.333333333333333,0,R,1
3962,2,0.4714045207910317,6.666666666666667,0,R,1
3963,2,0.816496580927726,6.0,0,R,1
3964,1,0.4714045207910317,3.6666666666666665,0,C,0
3965,1,0.0,3.0,0,C,0
3966,3,0.816496580927726,8.0,0,R,1
3967,1,0.9428090415820634,4.333333333333333,0,C,1
3968,0,0.0,5.0,0,C,0
3969,1,0.0,6.0,0,C,0
3970,0,0.816496580927726,5.0,0,C,1
3971,3,2.160246899469287,5.0,0,R,1
3972,2,0.0,5.0,0,R,1
3973,1,0.4714045207910317,4.666666666666667,0,C,0
3974,3,0.9428090415820634,8.333333333333334,0,R,1
3975,1,0.4714045207910317,7.333333333333333,0,C,0
3976,2,0.4714045207910317,6.666666666666667,0,R,1
3977,1,0.0,5.0,0,C,0
3978,2,0.4714045207910317,3.333333333333333,0,R,1
3979,-1,0.4714045207910317,2.333333333333333,0,C,0
3980,1,0.0,6.0,0,C,0
3981,2,0.0,6.0,0,R,1
3982,0,0.4714045207910317,3.333333333333333,0,C,0
3983,0,0.0,6.0,0,C,0
3984,2,0.9428090415820634,6.333333333333333,0,R,1
3985,1,0.0,4.0,0,C,0
3986,2,0.4714045207910317,3.6666666666666665,0,R,1
3987,2,0.0,4.0,0,R,1
3988,1,0.0,5.0,0,C,0
3989,1,0.0,4.0,0,C,0
3990,2,0.4714045207910317,6.333333333333333,0,R,1
3991,3,0.4714045207910317,5.333333333333333,0,R,1
3992,0,0.0,5.0,0,C,0
3993,0,0.0,4.0,0,C,0
3994,2,0.4714045207910317,3.6666666666666665,0,R,1
3995,2,0.4714045207910317,4.666666666666667,0,R,1
3996,0,0.0,5.0,0,C,0
3997,1,0.4714045207910317,2.6666666666666665,0,C,0
3998,2,0.4714045207910317,4.666666666666667,0,R,1
3999,1,0.4714045207910317,2.6666666666666665,0,C,0
4000,0,0.0,5.0,0,C,0
4001,0,0.4714045207910317,4.666666666666667,0,C,0
4002,0,0.816496580927726,4.0,0,C,1
4003,0,0.4714045207910317,6.333333333333333,0,C,0
4004,3,0.0,7.0,0,R,1
4005,1,0.0,5.0,0,C,0
4006,0,0.4714045207910317,5.666666666666667,0,C,0
4007,0,0.0,3.0,0,C,0
4008,1,0.4714045207910317,5.333333333333333,0,C,0
4009,2,0.4714045207910317,6.333333333333333,0,R,1
4010,1,0.0,5.0,0,C,0
4011,1,0.4714045207910317,6.333333333333333,0,C,0
4012,3,0.4714045207910317,7.666666666666667,0,R,1
4013,3,0.4714045207910317,5.666666666666667,0,R,1
4014,2,0.0,5.0,0,R,1
4015,1,0.4714045207910317,2.333333333333333,0,C,0
4016,1,0.4714045207910317,5.333333333333333,0,C,0
4017,2,0.0,6.0,0,R,1
4018,2,0.0,1.0,0,R,1
4019,0,0.4714045207910317,5.333333333333333,0,C,0
4020,2,0.4714045207910317,3.6666666666666665,0,R,1
4021,1,0.4714045207910317,4.333333333333333,0,C,0
4022,0,0.0,3.0,0,C,0
4023,0,0.4714045207910317,3.333333333333333,0,C,0
4024,2,0.0,6.0,0,R,1
4025,0,0.4714045207910317,5.666666666666667,0,C,0
4026,1,0.4714045207910317,3.6666666666666665,0,C,0
4027,1,0.0,2.0,0,C,0
4028,2,0.4714045207910317,3.6666666666666665,0,R,1
4029,0,0.0,4.0,0,C,0
4030,1,0.4714045207910317,3.6666666666666665,0,C,0
4031,0,0.4714045207910317,5.666666666666667,0,C,0
4032,0,0.4714045207910317,6.333333333333333,0,C,0
4033,2,0.0,5.0,0,R,1
4034,1,0.4714045207910317,4.333333333333333,0,C,0
4035,0,0.4714045207910317,4.333333333333333,0,C,0
4036,1,0.0,7.0,0,C,0
4037,0,0.0,3.0,0,C,0
4038,0,0.0,6.0,0,C,0
4039,1,0.9428090415820634,3.6666666666666665,0,C,1
4040,0,0.0,4.0,0,C,0
4041,0,0.0,6.0,0,C,0
4042,1,0.4714045207910317,4.333333333333333,0,C,0
4043,1,0.0,5.0,0,C,0
4044,2,0.4714045207910317,6.666666666666667,0,R,1
4045,2,0.4714045207910317,3.6666666666666665,0,R,1
4046,1,0.0,5.0,0,C,0
4047,1,0.4714045207910317,4.333333333333333,0,C,0
4048,1,0.4714045207910317,4.666666666666667,0,C,0
4049,0,0.4714045207910317,4.333333333333333,0,C,0
4050,0,0.0,4.0,0,C,0
4051,0,0.4714045207910317,5.666666666666667,0,C,0
4052,1,0.0,7.0,0,C,0
4053,1,0.4714045207910317,6.666666666666667,0,C,0
4054,0,0.4714045207910317,7.333333333333333,0,C,0
4055,1,0.0,5.0,0,C,0
4056,1,0.0,4.0,0,C,0
4057,0,0.0,4.0,0,C,0
4058,0,0.4714045207910317,4.666666666666667,0,C,0
4059,2,0.4714045207910317,5.666666666666667,0,R,1
4060,2,0.4714045207910317,4.666666666666667,0,R,1
4061,0,0.0,3.0,0,C,0
4062,2,0.0,3.0,0,R,1
4063,2,1.4142135623730951,6.0,0,R,1
4064,1,0.0,2.0,0,C,0
4065,0,0.4714045207910317,6.666666666666667,0,C,0
4066,1,0.9428090415820634,4.333333333333333,0,C,1
4067,1,0.0,5.0,0,C,0
4068,1,0.4714045207910317,3.6666666666666665,0,C,0
4069,1,0.4714045207910317,3.6666666666666665,0,C,0
4070,0,0.0,5.0,0,C,0
4071,2,0.9428090415820634,4.333333333333333,0,R,1
4072,2,0.0,6.0,0,R,1
4073,1,0.4714045207910317,4.666666666666667,0,C,0
4074,2,0.4714045207910317,4.666666666666667,0,R,1
4075,3,0.4714045207910317,2.6666666666666665,0,R,1
4076,0,0.4714045207910317,3.6666666666666665,0,C,0
4077,1,0.0,5.0,0,C,0
4078,1,0.0,7.0,0,C,0
4079,1,0.4714045207910317,4.333333333333333,0,C,0
4080,1,0.0,5.0,0,C,0
4081,0,0.0,5.0,0,C,0
4082,1,0.0,5.0,0,C,0
4083,2,0.4714045207910317,7.666666666666667,0,R,1
4084,1,0.4714045207910317,2.6666666666666665,0,C,0
4085,1,0.816496580927726,4.0,0,C,1
4086,-1,0.4714045207910317,2.6666666666666665,0,C,0
4087,0,0.4714045207910317,3.6666666666666665,0,C,0
4088,1,0.4714045207910317,3.333333333333333,0,C,0
4089,2,0.0,5.0,0,R,1
4090,1,0.4714045207910317,5.333333333333333,0,C,0
4091,2,0.0,2.0,0,R,1
4092,2,0.4714045207910317,5.333333333333333,0,R,1
4093,2,0.816496580927726,3.0,0,R,1
4094,3,0.4714045207910317,6.333333333333333,0,R,1
4095,0,0.0,5.0,0,C,0
4096,0,0.0,4.0,0,C,0
4097,2,0.4714045207910317,2.333333333333333,0,R,1
4098,2,0.816496580927726,6.0,0,R,1
4099,1,0.4714045207910317,6.333333333333333,0,C,0
4100,0,0.816496580927726,4.0,0,C,1
4101,0,0.4714045207910317,4.333333333333333,0,C,0
4102,0,0.4714045207910317,4.666666666666667,0,C,0
4103,0,0.4714045207910317,5.333333333333333,0,C,0
4104,1,0.0,5.0,0,C,0
4105,1,0.0,5.0,0,C,0
4106,2,0.4714045207910317,5.333333333333333,0,R,1
4107,2,0.4714045207910317,3.6666666666666665,0,R,1
4108,1,0.4714045207910317,5.333333333333333,0,C,0
4109,1,0.0,7.0,0,C,0
4110,1,0.816496580927726,6.0,0,C,1
4111,0,0.4714045207910317,3.333333333333333,0,C,0
4112,2,0.4714045207910317,4.666666666666667,0,R,1
4113,1,0.816496580927726,6.0,0,C,1
4114,2,0.0,6.0,0,R,1
4115,0,0.0,4.0,0,C,0
4116,1,0.4714045207910317,5.333333333333333,0,C,0
4117,1,0.4714045207910317,3.333333333333333,0,C,0
4118,0,0.0,6.0,0,C,0
4119,0,0.4714045207910317,4.666666666666667,0,C,0
4120,1,0.0,6.0,0,C,0
4121,2,0.0,6.0,0,R,1
4122,1,0.0,5.0,0,C,0
4123,2,0.4714045207910317,5.666666666666667,0,R,1
4124,0,0.4714045207910317,6.666666666666667,0,C,0
4125,1,0.0,2.0,0,C,0
4126,3,0.4714045207910317,4.333333333333333,0,R,1
4127,0,0.4714045207910317,2.333333333333333,0,C,0
4129,2,0.4714045207910317,5.666666666666667,0,R,1
4130,0,0.0,3.0,0,C,0
4131,3,0.4714045207910317,5.666666666666667,0,R,1
4132,1,0.4714045207910317,3.6666666666666665,0,C,0
4133,0,0.0,5.0,0,C,0
4134,2,0.4714045207910317,1.6666666666666667,0,R,1
4135,0,0.4714045207910317,6.333333333333333,0,C,0
4136,3,0.0,4.0,0,R,1
4137,2,0.4714045207910317,2.6666666666666665,0,R,1
4138,0,0.0,7.0,0,C,0
4139,1,0.816496580927726,3.0,0,C,1
4140,0,0.4714045207910317,2.6666666666666665,0,C,0
4141,1,0.0,3.0,0,C,0
4142,1,0.4714045207910317,3.333333333333333,0,C,0
4143,2,0.4714045207910317,4.333333333333333,0,R,1
4144,1,0.4714045207910317,4.333333333333333,0,C,0
4145,0,0.4714045207910317,4.333333333333333,0,C,0
4146,1,0.4714045207910317,3.6666666666666665,0,C,0
4147,1,0.816496580927726,5.0,0,C,1
4148,3,0.0,7.0,0,R,1
4149,3,0.4714045207910317,2.6666666666666665,0,R,1
4150,2,0.0,3.0,0,R,1
4151,1,0.0,6.0,0,C,0
4152,2,0.4714045207910317,3.333333333333333,0,R,1
4153,1,0.0,3.0,0,C,0
4154,0,1.4142135623730951,5.0,0,C,1
4155,3,0.4714045207910317,6.666666666666667,0,R,1
4156,0,0.9428090415820634,3.333333333333333,0,C,1
4157,2,0.4714045207910317,5.333333333333333,0,R,1
4158,1,0.4714045207910317,6.666666666666667,0,C,0
4159,0,0.4714045207910317,2.333333333333333,0,C,0
4160,1,0.0,5.0,0,C,0
4161,2,0.816496580927726,3.0,0,R,1
4162,0,0.4714045207910317,5.333333333333333,0,C,0
4163,2,0.4714045207910317,5.333333333333333,0,R,1
4164,1,0.4714045207910317,3.6666666666666665,0,C,0
4165,2,0.0,6.0,0,R,1
4166,1,0.4714045207910317,5.333333333333333,0,C,0
4167,1,0.0,5.0,0,C,0
4168,0,0.0,4.0,0,C,0
4169,0,0.4714045207910317,4.666666666666667,0,C,0
4170,1,0.4714045207910317,4.333333333333333,0,C,0
4171,1,0.4714045207910317,2.333333333333333,0,C,0
4172,1,0.9428090415820634,4.333333333333333,0,C,1
4173,1,0.4714045207910317,5.666666666666667,0,C,0
4174,2,0.4714045207910317,6.333333333333333,0,R,1
4175,0,0.4714045207910317,5.333333333333333,0,C,0
4176,3,1.247219128924647,4.666666666666667,0,R,1
4177,2,0.4714045207910317,3.6666666666666665,0,R,1
4178,1,0.816496580927726,6.0,0,C,1
4179,1,0.0,3.0,0,C,0
4180,1,0.4714045207910317,4.333333333333333,0,C,0
4181,0,0.4714045207910317,3.333333333333333,0,C,0
4182,0,0.4714045207910317,3.6666666666666665,0,C,0
4183,3,0.0,6.0,0,R,1
4184,1,0.4714045207910317,4.666666666666667,0,C,0
4185,3,0.4714045207910317,5.666666666666667,0,R,1
4186,0,0.0,4.0,0,C,0
4187,1,0.816496580927726,4.0,0,C,1
4188,1,0.4714045207910317,4.666666666666667,0,C,0
4189,0,0.0,5.0,0,C,0
4190,0,0.4714045207910317,4.666666666666667,0,C,0
4191,0,0.4714045207910317,4.666666666666667,0,C,0
4192,0,0.9428090415820634,3.6666666666666665,0,C,1
4193,0,0.0,5.0,0,C,0
4194,2,0.4714045207910317,7.666666666666667,0,R,1
4195,2,0.4714045207910317,6.666666666666667,0,R,1
4196,3,0.0,2.0,0,R,1
4197,1,0.4714045207910317,2.333333333333333,0,C,0
4198,1,0.0,3.0,0,C,0
4199,1,0.816496580927726,6.0,0,C,1
4200,2,0.9428090415820634,5.333333333333333,0,R,1
4201,1,0.0,5.0,0,C,0
4202,2,0.4714045207910317,5.333333333333333,0,R,1
4203,0,0.4714045207910317,5.666666666666667,0,C,0
4204,1,0.4714045207910317,5.666666666666667,0,C,0
4205,0,0.0,4.0,0,C,0
4206,2,0.9428090415820634,2.333333333333333,0,R,1
4207,1,0.0,4.0,0,C,0
4208,0,0.4714045207910317,5.333333333333333,0,C,0
4209,0,0.4714045207910317,3.333333333333333,0,C,0
4210,2,0.4714045207910317,3.333333333333333,0,R,1
4211,2,0.0,2.0,0,R,1
4212,0,0.0,4.0,0,C,0
4213,2,0.816496580927726,5.0,0,R,1
4214,1,0.4714045207910317,3.333333333333333,0,C,0
4215,0,0.0,4.0,0,C,0
4216,3,0.816496580927726,5.0,0,R,1
4217,0,0.0,3.0,0,C,0
4218,0,0.4714045207910317,4.333333333333333,0,C,0
4219,0,0.4714045207910317,2.6666666666666665,0,C,0
4220,1,0.4714045207910317,3.333333333333333,0,C,0
4221,1,0.4714045207910317,5.333333333333333,0,C,0
4222,2,0.4714045207910317,6.666666666666667,0,R,1
4223,0,0.4714045207910317,2.6666666666666665,0,C,0
4224,3,0.4714045207910317,6.333333333333333,0,R,1
4225,1,0.816496580927726,5.0,0,C,1
4226,1,0.0,3.0,0,C,0
4227,2,0.0,4.0,0,R,1
4228,2,0.4714045207910317,3.333333333333333,0,R,1
4229,0,0.9428090415820634,4.333333333333333,0,C,1
4230,2,0.4714045207910317,3.333333333333333,0,R,1
4231,1,0.0,5.0,0,C,0
4232,0,0.0,5.0,0,C,0
4233,1,0.816496580927726,4.0,0,C,1
4234,1,0.4714045207910317,4.666666666666667,0,C,0
4235,0,0.4714045207910317,3.6666666666666665,0,C,0
4236,0,0.4714045207910317,3.333333333333333,0,C,0
4237,0,0.4714045207910317,4.333333333333333,0,C,0
4238,2,0.4714045207910317,4.666666666666667,0,R,1
4239,0,0.4714045207910317,3.6666666666666665,0,C,0
4240,1,0.0,7.0,0,C,0
4241,1,0.4714045207910317,4.666666666666667,0,C,0
4242,2,0.0,5.0,0,R,1
4243,2,0.0,7.0,0,R,1
4244,0,0.4714045207910317,3.6666666666666665,0,C,0
4245,1,0.4714045207910317,4.666666666666667,0,C,0
4246,-1,0.816496580927726,3.0,0,C,1
4247,1,0.4714045207910317,7.333333333333333,0,C,0
4248,2,0.0,5.0,0,R,1
4249,0,0.9428090415820634,4.333333333333333,0,C,1
4250,0,0.9428090415820634,4.333333333333333,0,C,1
4251,1,0.4714045207910317,3.333333333333333,0,C,0
4252,1,0.0,3.0,0,C,0
4253,1,0.0,7.0,0,C,0
4254,0,0.0,5.0,0,C,0
4255,0,0.0,3.0,0,C,0
4256,1,0.0,6.0,0,C,0
4257,0,0.4714045207910317,3.333333333333333,0,C,0
4258,2,0.4714045207910317,5.666666666666667,0,R,1
4259,1,0.0,4.0,0,C,0
4260,1,0.4714045207910317,4.333333333333333,0,C,0
4261,0,0.0,7.0,0,C,0
4262,0,0.4714045207910317,3.333333333333333,0,C,0
4263,1,0.9428090415820634,5.333333333333333,0,C,1
4264,2,0.4714045207910317,3.6666666666666665,0,R,1
4265,1,0.0,5.0,0,C,0
4266,0,0.0,4.0,0,C,0
4267,0,0.4714045207910317,4.666666666666667,0,C,0
4268,0,0.0,4.0,0,C,0
4270,1,0.4714045207910317,4.333333333333333,0,C,0
4271,0,0.4714045207910317,5.333333333333333,0,C,0
4272,2,0.0,7.0,0,R,1
4273,0,0.4714045207910317,3.333333333333333,0,C,0
4274,3,1.4142135623730951,6.0,0,R,1
4275,1,0.0,6.0,0,C,0
4276,2,0.4714045207910317,6.666666666666667,0,R,1
4277,0,0.4714045207910317,3.333333333333333,0,C,0
4278,1,0.0,5.0,0,C,0
4279,1,0.0,3.0,0,C,0
4280,1,0.4714045207910317,0.6666666666666666,0,C,0
4281,1,0.0,5.0,0,C,0
4282,1,0.4714045207910317,5.333333333333333,0,C,0
4283,1,0.816496580927726,3.0,0,C,1
4284,0,0.0,5.0,0,C,0
4285,0,0.4714045207910317,4.333333333333333,0,C,0
4286,1,0.4714045207910317,2.6666666666666665,0,C,0
4287,1,0.4714045207910317,6.333333333333333,0,C,0
4288,0,0.0,4.0,0,C,0
4289,1,0.816496580927726,3.0,0,C,1
4290,1,0.0,5.0,0,C,0
4291,0,0.4714045207910317,3.6666666666666665,0,C,0
4292,0,0.4714045207910317,3.6666666666666665,0,C,0
4293,0,0.0,4.0,0,C,0
4294,2,0.4714045207910317,5.333333333333333,0,R,1
4295,1,0.0,4.0,0,C,0
4296,2,0.816496580927726,2.0,0,R,1
4297,0,0.0,6.0,0,C,0
4298,0,0.816496580927726,4.0,0,C,1
4299,1,1.8856180831641267,2.333333333333333,0,C,1
4300,0,0.4714045207910317,6.333333333333333,0,C,0
4301,1,0.4714045207910317,5.666666666666667,0,C,0
4302,1,0.4714045207910317,4.666666666666667,0,C,0
4303,2,0.0,4.0,0,R,1
4304,2,0.4714045207910317,3.333333333333333,0,R,1
4305,0,0.4714045207910317,4.333333333333333,0,C,0
4306,0,0.0,4.0,0,C,0
4307,2,0.4714045207910317,2.6666666666666665,0,R,1
4308,2,0.4714045207910317,4.333333333333333,0,R,1
4309,0,0.4714045207910317,3.6666666666666665,0,C,0
4310,2,0.0,7.0,0,R,1
4311,0,0.4714045207910317,4.333333333333333,0,C,0
4312,0,0.816496580927726,4.0,0,C,1
4313,3,0.0,7.0,0,R,1
4314,0,0.0,6.0,0,C,0
4315,0,0.4714045207910317,4.666666666666667,0,C,0
4316,1,0.4714045207910317,1.3333333333333333,0,C,0
4317,1,0.0,4.0,0,C,0
4318,0,0.0,6.0,0,C,0
4319,0,0.0,5.0,0,C,0
4320,1,0.0,4.0,0,C,0
4321,1,0.4714045207910317,5.333333333333333,0,C,0
4322,0,0.4714045207910317,3.6666666666666665,0,C,0
4323,0,0.4714045207910317,3.6666666666666665,0,C,0
4324,2,0.0,3.0,0,R,1
4325,2,0.4714045207910317,6.333333333333333,0,R,1
4326,3,0.4714045207910317,8.333333333333334,0,R,1
4327,1,0.4714045207910317,4.333333333333333,0,C,0
4328,2,0.4714045207910317,6.333333333333333,0,R,1
4329,0,0.816496580927726,4.0,0,C,1
4330,0,0.4714045207910317,4.666666666666667,0,C,0
4331,0,0.4714045207910317,3.333333333333333,0,C,0
4332,2,0.0,7.0,0,R,1
4333,0,0.0,5.0,0,C,0
4334,1,0.4714045207910317,4.666666666666667,0,C,0
4335,1,0.4714045207910317,3.333333333333333,0,C,0
4336,0,0.0,4.0,0,C,0
4337,0,0.9428090415820634,6.333333333333333,0,C,1
4338,1,1.632993161855452,5.0,0,C,1
4339,2,0.4714045207910317,3.333333333333333,0,R,1
4340,0,0.4714045207910317,4.666666666666667,0,C,0
4341,2,0.4714045207910317,3.333333333333333,0,R,1
4342,0,0.4714045207910317,4.666666666666667,0,C,0
4343,1,0.0,2.0,0,C,0
4344,2,0.4714045207910317,3.333333333333333,0,R,1
4345,3,0.4714045207910317,6.333333333333333,0,R,1
4346,2,0.0,5.0,0,R,1
4347,2,0.4714045207910317,3.6666666666666665,0,R,1
4348,1,0.4714045207910317,5.666666666666667,0,C,0
4349,0,0.4714045207910317,5.333333333333333,0,C,0
4350,0,0.4714045207910317,6.333333333333333,0,C,0
4351,0,0.0,5.0,0,C,0
4352,0,0.0,5.0,0,C,0
4353,1,0.0,4.0,0,C,0
4354,2,0.0,6.0,0,R,1
4355,0,0.9428090415820634,2.333333333333333,0,C,1
4356,2,0.4714045207910317,7.666666666666667,0,R,1
4357,1,0.4714045207910317,4.333333333333333,0,C,0
4358,0,0.4714045207910317,3.333333333333333,0,C,0
4359,2,0.0,4.0,0,R,1
4360,2,0.4714045207910317,5.666666666666667,0,R,1
4361,0,0.4714045207910317,5.666666666666667,0,C,0
4362,3,0.0,4.0,0,R,1
4363,2,0.4714045207910317,3.6666666666666665,0,R,1
4364,0,0.0,5.0,0,C,0
4365,0,0.0,4.0,0,C,0
4366,0,0.0,3.0,0,C,0
4367,3,0.0,6.0,0,R,1
4368,3,0.816496580927726,3.0,0,R,1
4369,2,0.4714045207910317,5.666666666666667,0,R,1
4370,2,0.4714045207910317,1.6666666666666667,0,R,1
4371,1,0.0,3.0,0,C,0
4372,3,0.4714045207910317,7.333333333333333,0,R,1
4373,0,0.4714045207910317,4.333333333333333,0,C,0
4374,3,0.4714045207910317,5.666666666666667,0,R,1
4375,0,0.0,5.0,0,C,0
4376,0,0.0,4.0,0,C,0
4377,1,0.4714045207910317,3.6666666666666665,0,C,0
4378,0,0.4714045207910317,4.666666666666667,0,C,0
4379,1,0.0,4.0,0,C,0
4380,2,0.0,5.0,0,R,1
4381,0,0.0,5.0,0,C,0
4382,0,0.4714045207910317,5.333333333333333,0,C,0
4383,3,0.4714045207910317,7.333333333333333,0,R,1
4384,0,0.0,5.0,0,C,0
4385,1,0.0,4.0,0,C,0
4386,0,0.4714045207910317,5.333333333333333,0,C,0
4387,0,0.0,5.0,0,C,0
4388,1,0.4714045207910317,4.666666666666667,0,C,0
4389,1,0.4714045207910317,3.333333333333333,0,C,0
4390,0,0.4714045207910317,4.333333333333333,0,C,0
4391,0,0.0,5.0,0,C,0
4392,0,0.0,4.0,0,C,0
4393,0,0.4714045207910317,2.333333333333333,0,C,0
4394,0,0.4714045207910317,3.333333333333333,0,C,0
4395,0,0.4714045207910317,3.333333333333333,0,C,0
4396,2,0.4714045207910317,2.6666666666666665,0,R,1
4397,2,0.4714045207910317,8.333333333333334,0,R,1
4398,0,0.4714045207910317,5.333333333333333,0,C,0
4399,1,0.0,5.0,0,C,0
4400,1,0.0,2.0,0,C,0
4401,0,0.4714045207910317,6.666666666666667,0,C,0
4402,1,0.4714045207910317,5.666666666666667,0,C,0
4403,2,0.4714045207910317,5.666666666666667,0,R,1
4404,0,0.4714045207910317,5.333333333333333,0,C,0
4405,0,0.4714045207910317,4.666666666666667,0,C,0
4406,2,0.0,6.0,0,R,1
4407,0,0.0,4.0,0,C,0
4408,0,0.0,5.0,0,C,0
4409,0,0.4714045207910317,6.333333333333333,0,C,0
4410,2,0.4714045207910317,4.666666666666667,0,R,1
4411,0,0.0,6.0,0,C,0
4412,1,0.4714045207910317,7.666666666666667,0,C,0
4413,0,0.9428090415820634,3.6666666666666665,0,C,1
4414,2,0.4714045207910317,6.666666666666667,0,R,1
4415,0,0.0,6.0,0,C,0
4416,2,0.4714045207910317,4.333333333333333,0,R,1
4417,1,0.4714045207910317,3.333333333333333,0,C,0
4418,1,0.0,4.0,0,C,0
4419,1,0.0,3.0,0,C,0
4420,0,0.4714045207910317,5.333333333333333,0,C,0
4421,1,0.4714045207910317,4.333333333333333,0,C,0
4422,0,0.0,4.0,0,C,0
4423,0,0.4714045207910317,5.333333333333333,0,C,0
4424,1,0.4714045207910317,2.6666666666666665,0,C,0
4425,0,0.0,5.0,0,C,0
4426,3,0.4714045207910317,2.6666666666666665,0,R,1
4427,1,0.0,6.0,0,C,0
4428,1,0.4714045207910317,5.666666666666667,0,C,0
4429,0,0.4714045207910317,2.333333333333333,0,C,0
4430,2,1.247219128924647,5.666666666666667,0,R,1
4431,1,0.0,3.0,0,C,0
4432,1,0.0,3.0,0,C,0
4433,0,0.0,5.0,0,C,0
4434,0,0.4714045207910317,5.333333333333333,0,C,0
4435,1,0.4714045207910317,4.666666666666667,0,C,0
4436,2,0.816496580927726,4.0,0,R,1
4437,1,0.4714045207910317,2.6666666666666665,0,C,0
4438,0,0.4714045207910317,2.6666666666666665,0,C,0
4439,0,0.4714045207910317,5.666666666666667,0,C,0
4440,0,0.0,5.0,0,C,0
4441,0,0.0,4.0,0,C,0
4442,0,0.4714045207910317,4.333333333333333,0,C,0
4443,0,0.0,6.0,0,C,0
4444,1,0.0,7.0,0,C,0
4445,0,0.4714045207910317,5.333333333333333,0,C,0
4446,1,0.0,4.0,0,C,0
4447,1,0.0,2.0,0,C,0
4448,3,0.816496580927726,6.0,0,R,1
4449,0,0.0,4.0,0,C,0
4451,3,0.4714045207910317,8.666666666666666,0,R,1
4452,1,0.0,2.0,0,C,0
4453,0,0.0,4.0,0,C,0
4454,2,0.0,4.0,0,R,1
4455,1,0.0,3.0,0,C,0
4456,1,0.4714045207910317,5.333333333333333,0,C,0
4457,2,0.816496580927726,5.0,0,R,1
4458,2,1.247219128924647,5.666666666666667,0,R,1
4459,2,0.4714045207910317,2.333333333333333,0,R,1
4460,0,0.0,4.0,0,C,0
4461,2,0.0,5.0,0,R,1
4462,0,0.4714045207910317,6.333333333333333,0,C,0
4463,1,0.0,4.0,0,C,0
4464,2,0.9428090415820634,3.333333333333333,0,R,1
4465,0,0.0,4.0,0,C,0
4466,0,0.0,4.0,0,C,0
4467,1,0.0,6.0,0,C,0
4468,0,0.9428090415820634,2.6666666666666665,0,C,1
4469,1,0.4714045207910317,5.666666666666667,0,C,0
4470,1,0.0,6.0,0,C,0
4471,0,0.0,5.0,0,C,0
4472,2,1.247219128924647,4.666666666666667,0,R,1
4473,0,0.4714045207910317,4.333333333333333,0,C,0
4474,3,0.4714045207910317,2.333333333333333,0,R,1
4475,1,0.9428090415820634,6.333333333333333,0,C,1
4476,1,0.0,4.0,0,C,0
4477,0,0.4714045207910317,3.333333333333333,0,C,0
4478,1,0.4714045207910317,4.666666666666667,0,C,0
4479,0,0.4714045207910317,3.333333333333333,0,C,0
4480,1,0.816496580927726,5.0,0,C,1
4481,0,0.4714045207910317,2.333333333333333,0,C,0
4482,2,0.4714045207910317,2.6666666666666665,0,R,1
4483,2,0.4714045207910317,5.333333333333333,0,R,1
4484,2,0.0,4.0,0,R,1
4485,3,0.9428090415820634,7.333333333333333,0,R,1
4486,3,0.4714045207910317,8.666666666666666,0,R,1
4487,2,0.4714045207910317,4.333333333333333,0,R,1
4488,1,0.4714045207910317,4.333333333333333,0,C,0
4489,1,0.4714045207910317,4.666666666666667,0,C,0
4490,2,0.4714045207910317,7.333333333333333,0,R,1
4491,1,0.4714045207910317,5.666666666666667,0,C,0
4492,2,0.4714045207910317,3.6666666666666665,0,R,1
4493,0,0.0,6.0,0,C,0
4494,1,0.4714045207910317,6.666666666666667,0,C,0
4495,0,0.4714045207910317,3.333333333333333,0,C,0
4496,0,0.4714045207910317,4.666666666666667,0,C,0
4497,1,0.0,4.0,0,C,0
4498,2,0.816496580927726,5.0,0,R,1
4499,1,0.0,7.0,0,C,0
4500,2,0.4714045207910317,4.666666666666667,0,R,1
4501,2,0.0,7.0,0,R,1
4502,2,1.247219128924647,6.666666666666667,0,R,1
4503,2,0.816496580927726,4.0,0,R,1
4504,2,0.4714045207910317,4.333333333333333,0,R,1
4505,2,0.4714045207910317,5.333333333333333,0,R,1
4506,2,0.4714045207910317,3.6666666666666665,0,R,1
4507,0,0.4714045207910317,6.333333333333333,0,C,0
4508,1,0.4714045207910317,4.666666666666667,0,C,0
4509,1,0.0,7.0,0,C,0
4510,1,0.0,4.0,0,C,0
4511,2,0.816496580927726,6.0,0,R,1
4512,0,0.4714045207910317,5.666666666666667,0,C,0
4513,0,0.0,3.0,0,C,0
4514,0,0.4714045207910317,5.666666666666667,0,C,0
4515,1,0.4714045207910317,5.333333333333333,0,C,0
4516,1,0.4714045207910317,2.6666666666666665,0,C,0
4517,1,0.0,5.0,0,C,0
4518,0,0.4714045207910317,3.6666666666666665,0,C,0
4519,2,0.4714045207910317,3.6666666666666665,0,R,1
4520,1,0.0,6.0,0,C,0
4521,3,0.816496580927726,9.0,0,R,1
4522,2,0.9428090415820634,3.333333333333333,0,R,1
4523,1,0.0,6.0,0,C,0
4524,3,0.4714045207910317,5.333333333333333,0,R,1
4525,0,0.4714045207910317,4.333333333333333,0,C,0
4526,0,0.4714045207910317,5.666666666666667,0,C,0
4527,1,0.4714045207910317,3.6666666666666665,0,C,0
4528,1,0.4714045207910317,4.333333333333333,0,C,0
4529,2,0.0,6.0,0,R,1
4530,2,0.816496580927726,3.0,0,R,1
4531,0,0.0,6.0,0,C,0
4532,0,0.4714045207910317,5.333333333333333,0,C,0
4533,0,0.4714045207910317,2.333333333333333,0,C,0
4534,1,0.4714045207910317,6.666666666666667,0,C,0
4535,1,0.4714045207910317,4.666666666666667,0,C,0
4536,1,0.4714045207910317,4.666666666666667,0,C,0
4537,2,0.9428090415820634,3.6666666666666665,0,R,1
4538,2,0.4714045207910317,4.666666666666667,0,R,1
4539,0,0.9428090415820634,6.333333333333333,0,C,1
4540,0,0.4714045207910317,5.666666666666667,0,C,0
4541,0,0.0,5.0,0,C,0
4542,0,0.4714045207910317,3.6666666666666665,0,C,0
4543,0,0.4714045207910317,4.333333333333333,0,C,0
4544,0,0.4714045207910317,5.666666666666667,0,C,0
4545,0,0.4714045207910317,3.333333333333333,0,C,0
4546,2,0.4714045207910317,5.666666666666667,0,R,1
4547,1,0.4714045207910317,4.333333333333333,0,C,0
4548,2,0.4714045207910317,5.666666666666667,0,R,1
4549,0,0.4714045207910317,4.666666666666667,0,C,0
4550,0,0.0,4.0,0,C,0
4551,1,0.4714045207910317,5.333333333333333,0,C,0
4552,2,0.0,4.0,0,R,1
4553,0,0.4714045207910317,4.666666666666667,0,C,0
4554,1,0.4714045207910317,2.6666666666666665,0,C,0
4555,0,0.0,5.0,0,C,0
4556,0,0.4714045207910317,4.333333333333333,0,C,0
4557,1,0.0,4.0,0,C,0
4558,0,0.4714045207910317,4.666666666666667,0,C,0
4559,1,0.4714045207910317,4.333333333333333,0,C,0
4560,0,0.0,4.0,0,C,0
4561,0,0.4714045207910317,5.333333333333333,0,C,0
4562,1,0.4714045207910317,4.333333333333333,0,C,0
4563,2,0.816496580927726,2.0,0,R,1
4564,3,0.4714045207910317,4.666666666666667,0,R,1
4565,1,0.4714045207910317,4.333333333333333,0,C,0
4566,1,0.0,7.0,0,C,0
4567,3,0.816496580927726,4.0,0,R,1
4568,1,0.0,5.0,0,C,0
4569,2,0.4714045207910317,6.666666666666667,0,R,1
4570,0,0.4714045207910317,2.333333333333333,0,C,0
4571,2,0.0,5.0,0,R,1
4572,2,0.4714045207910317,5.666666666666667,0,R,1
4573,0,0.816496580927726,4.0,0,C,1
4574,0,0.0,5.0,0,C,0
4575,2,0.0,6.0,0,R,1
4576,0,0.4714045207910317,3.333333333333333,0,C,0
4577,0,0.4714045207910317,3.333333333333333,0,C,0
4578,0,0.0,6.0,0,C,0
4579,2,0.816496580927726,5.0,0,R,1
4580,0,0.4714045207910317,3.333333333333333,0,C,0
4581,1,0.4714045207910317,3.6666666666666665,0,C,0
4582,0,0.0,4.0,0,C,0
4583,0,0.4714045207910317,2.6666666666666665,0,C,0
4584,0,0.4714045207910317,4.666666666666667,0,C,0
4585,0,0.4714045207910317,3.6666666666666665,0,C,0
4586,2,0.4714045207910317,3.6666666666666665,0,R,1
4587,0,0.0,6.0,0,C,0
4588,1,0.4714045207910317,3.333333333333333,0,C,0
4589,0,0.4714045207910317,4.666666666666667,0,C,0
4590,1,0.4714045207910317,3.333333333333333,0,C,0
4591,0,0.4714045207910317,4.666666666666667,0,C,0
4592,1,0.4714045207910317,4.333333333333333,0,C,0
4593,2,0.0,2.0,0,R,1
4594,0,0.0,3.0,0,C,0
4595,0,0.816496580927726,4.0,0,C,1
4596,1,0.816496580927726,3.0,0,C,1
4597,2,0.0,7.0,0,R,1
4598,1,0.4714045207910317,4.333333333333333,0,C,0
4599,2,0.9428090415820634,4.333333333333333,0,R,1
4600,0,0.0,4.0,0,C,0
4601,1,0.4714045207910317,3.6666666666666665,0,C,0
4602,2,0.4714045207910317,1.3333333333333333,0,R,1
4603,3,1.699673171197595,6.333333333333333,0,R,1
4604,1,0.4714045207910317,3.333333333333333,0,C,0
4605,0,0.4714045207910317,3.333333333333333,0,C,0
4606,3,0.0,8.0,0,R,1
4607,1,0.0,5.0,0,C,0
4608,2,0.4714045207910317,2.333333333333333,0,R,1
4609,0,0.4714045207910317,3.333333333333333,0,C,0
4610,0,0.4714045207910317,3.6666666666666665,0,C,0
4611,2,0.4714045207910317,3.333333333333333,0,R,1
4612,1,0.0,6.0,0,C,0
4613,2,0.4714045207910317,4.666666666666667,0,R,1
4614,1,0.0,5.0,0,C,0
4615,2,0.4714045207910317,6.333333333333333,0,R,1
4616,0,0.0,3.0,0,C,0
4617,1,0.4714045207910317,3.333333333333333,0,C,0
4618,1,0.0,7.0,0,C,0
4619,2,0.4714045207910317,4.666666666666667,0,R,1
4621,1,0.4714045207910317,4.666666666666667,0,C,0
4622,3,0.9428090415820634,8.333333333333334,0,R,1
4623,2,0.4714045207910317,3.6666666666666665,0,R,1
4624,0,0.0,5.0,0,C,0
4625,0,0.0,5.0,0,C,0
4626,0,0.0,5.0,0,C,0
4627,1,0.9428090415820634,3.333333333333333,0,C,1
4628,0,0.0,4.0,0,C,0
4629,1,0.4714045207910317,5.666666666666667,0,C,0
4630,2,1.247219128924647,7.666666666666667,0,R,1
4631,2,0.4714045207910317,1.6666666666666667,0,R,1
4632,1,0.4714045207910317,4.333333333333333,0,C,0
4633,2,0.0,5.0,0,R,1
4634,0,0.4714045207910317,3.333333333333333,0,C,0
4635,0,0.4714045207910317,4.333333333333333,0,C,0
4636,1,0.4714045207910317,5.333333333333333,0,C,0
4637,1,0.0,5.0,0,C,0
4638,2,0.4714045207910317,6.666666666666667,0,R,1
4639,2,0.4714045207910317,5.333333333333333,0,R,1
4640,0,0.0,4.0,0,C,0
4641,0,0.0,6.0,0,C,0
4642,2,0.4714045207910317,2.6666666666666665,0,R,1
4643,2,0.4714045207910317,3.6666666666666665,0,R,1
4644,1,0.4714045207910317,5.333333333333333,0,C,0
4645,0,0.0,4.0,0,C,0
4646,1,0.4714045207910317,5.666666666666667,0,C,0
4647,0,0.4714045207910317,2.6666666666666665,0,C,0
4648,0,0.4714045207910317,3.6666666666666665,0,C,0
4649,1,0.4714045207910317,2.333333333333333,0,C,0
4650,0,0.0,5.0,0,C,0
4651,1,0.4714045207910317,4.333333333333333,0,C,0
4652,3,0.0,3.0,0,R,1
4653,0,0.0,5.0,0,C,0
4654,0,0.0,3.0,0,C,0
4655,1,0.4714045207910317,5.666666666666667,0,C,0
4656,1,0.0,4.0,0,C,0
4657,1,0.4714045207910317,3.6666666666666665,0,C,0
4658,0,0.4714045207910317,3.333333333333333,0,C,0
4659,0,0.4714045207910317,4.666666666666667,0,C,0
4660,0,0.0,6.0,0,C,0
4661,1,0.0,6.0,0,C,0
4662,2,0.816496580927726,4.0,0,R,1
4663,1,0.0,3.0,0,C,0
4664,0,0.4714045207910317,3.6666666666666665,0,C,0
4665,1,0.4714045207910317,4.666666666666667,0,C,0
4666,2,0.816496580927726,4.0,0,R,1
4667,0,0.0,4.0,0,C,0
4668,1,0.0,4.0,0,C,0
4669,0,0.0,4.0,0,C,0
4670,1,0.0,4.0,0,C,0
4671,1,0.0,4.0,0,C,0
4672,0,0.4714045207910317,3.6666666666666665,0,C,0
4673,1,0.4714045207910317,4.666666666666667,0,C,0
4674,2,0.816496580927726,3.0,0,R,1
4675,1,0.4714045207910317,4.666666666666667,0,C,0
4676,0,0.4714045207910317,3.6666666666666665,0,C,0
4677,1,0.4714045207910317,6.666666666666667,0,C,0
4678,0,0.4714045207910317,2.6666666666666665,0,C,0
4679,1,0.4714045207910317,5.333333333333333,0,C,0
4680,2,0.4714045207910317,2.6666666666666665,0,R,1
4681,1,0.0,4.0,0,C,0
4682,0,0.0,5.0,0,C,0
4683,1,0.4714045207910317,2.333333333333333,0,C,0
4684,1,0.816496580927726,4.0,0,C,1
4685,0,0.4714045207910317,5.666666666666667,0,C,0
4686,0,0.4714045207910317,4.333333333333333,0,C,0
4687,1,0.4714045207910317,2.333333333333333,0,C,0
4688,1,0.0,4.0,0,C,0
4689,2,0.4714045207910317,3.6666666666666665,0,R,1
4690,0,0.4714045207910317,6.333333333333333,0,C,0
4691,1,0.0,5.0,0,C,0
4692,1,0.4714045207910317,6.666666666666667,0,C,0
4693,2,0.4714045207910317,7.333333333333333,0,R,1
4694,1,0.0,4.0,0,C,0
4695,0,0.4714045207910317,6.666666666666667,0,C,0
4696,0,0.4714045207910317,4.333333333333333,0,C,0
4697,0,0.4714045207910317,5.333333333333333,0,C,0
4698,1,0.0,7.0,0,C,0
4699,0,0.0,6.0,0,C,0
4700,0,0.4714045207910317,3.6666666666666665,0,C,0
4701,2,0.816496580927726,5.0,0,R,1
4702,2,0.4714045207910317,4.666666666666667,0,R,1
4703,2,0.4714045207910317,5.666666666666667,0,R,1
4704,2,0.0,1.0,0,R,1
4705,1,1.247219128924647,4.333333333333333,0,C,1
4706,1,0.0,4.0,0,C,0
4707,1,1.247219128924647,3.6666666666666665,0,C,1
4708,0,0.0,3.0,0,C,0
4709,1,0.4714045207910317,3.6666666666666665,0,C,0
4710,0,0.4714045207910317,3.333333333333333,0,C,0
4711,1,0.4714045207910317,6.333333333333333,0,C,0
4712,1,0.816496580927726,3.0,0,C,1
4713,0,0.4714045207910317,3.333333333333333,0,C,0
4714,3,0.4714045207910317,5.666666666666667,0,R,1
4715,2,0.0,7.0,0,R,1
4716,0,0.816496580927726,7.0,0,C,1
4717,1,0.0,3.0,0,C,0
4718,2,0.4714045207910317,3.333333333333333,0,R,1
4719,0,0.4714045207910317,3.6666666666666665,0,C,0
4720,2,0.4714045207910317,6.666666666666667,0,R,1
4721,0,0.0,6.0,0,C,0
4722,1,0.0,4.0,0,C,0
4723,1,0.4714045207910317,2.6666666666666665,0,C,0
4724,1,0.4714045207910317,3.6666666666666665,0,C,0
4725,2,0.0,4.0,0,R,1
4726,0,0.4714045207910317,4.333333333333333,0,C,0
4727,2,0.0,2.0,0,R,1
4728,0,0.4714045207910317,5.333333333333333,0,C,0
4729,0,0.0,5.0,0,C,0
4730,1,0.4714045207910317,4.333333333333333,0,C,0
4731,0,0.0,4.0,0,C,0
4732,0,0.0,4.0,0,C,0
4733,1,0.0,4.0,0,C,0
4734,2,0.4714045207910317,3.6666666666666665,0,R,1
4735,1,0.0,3.0,0,C,0
4736,1,0.4714045207910317,6.666666666666667,0,C,0
4737,1,0.816496580927726,3.0,0,C,1
4738,1,0.4714045207910317,2.333333333333333,0,C,0
4739,1,0.4714045207910317,7.333333333333333,0,C,0
4740,0,0.4714045207910317,5.666666666666667,0,C,0
4741,0,0.816496580927726,4.0,0,C,1
4742,0,0.0,4.0,0,C,0
4743,0,0.4714045207910317,2.6666666666666665,0,C,0
4744,2,0.0,4.0,0,R,1
4745,1,0.4714045207910317,5.333333333333333,0,C,0
4746,2,0.0,5.0,0,R,1
4747,0,0.4714045207910317,3.6666666666666665,0,C,0
4748,2,0.4714045207910317,3.6666666666666665,0,R,1
4749,1,0.4714045207910317,3.6666666666666665,0,C,0
4750,0,1.4142135623730951,5.0,0,C,1
4751,3,0.816496580927726,7.0,0,R,1
4752,1,0.4714045207910317,3.333333333333333,0,C,0
4753,0,0.4714045207910317,5.333333333333333,0,C,0
4754,0,0.0,4.0,0,C,0
4755,2,0.0,6.0,0,R,1
4756,1,0.4714045207910317,2.333333333333333,0,C,0
4757,1,0.0,5.0,0,C,0
4758,2,0.0,5.0,0,R,1
4759,2,0.4714045207910317,4.666666666666667,0,R,1
4760,0,0.0,5.0,0,C,0
4761,0,0.0,4.0,0,C,0
4762,0,0.0,2.0,0,C,0
4764,2,0.0,4.0,0,R,1
4765,2,0.4714045207910317,6.333333333333333,0,R,1
4766,0,0.0,4.0,0,C,0
4767,1,0.0,4.0,0,C,0
4768,3,0.9428090415820634,7.333333333333333,0,R,1
4769,0,0.4714045207910317,3.6666666666666665,0,C,0
4770,1,0.4714045207910317,5.333333333333333,0,C,0
4771,1,0.816496580927726,4.0,0,C,1
4772,0,0.4714045207910317,2.333333333333333,0,C,0
4773,0,0.4714045207910317,3.6666666666666665,0,C,0
4774,1,0.0,5.0,0,C,0
4775,1,0.4714045207910317,3.6666666666666665,0,C,0
4776,1,0.0,4.0,0,C,0
4777,2,0.4714045207910317,6.666666666666667,0,R,1
4778,0,0.816496580927726,4.0,0,C,1
4779,1,0.0,7.0,0,C,0
4780,1,0.4714045207910317,4.666666666666667,0,C,0
4781,0,0.816496580927726,3.0,0,C,1
4782,0,0.0,4.0,0,C,0
4783,2,0.4714045207910317,5.666666666666667,0,R,1
4784,2,0.0,2.0,0,R,1
4785,2,0.4714045207910317,1.6666666666666667,0,R,1
4786,1,0.4714045207910317,5.666666666666667,0,C,0
4787,0,0.4714045207910317,4.666666666666667,0,C,0
4788,2,0.4714045207910317,5.333333333333333,0,R,1
4789,1,0.4714045207910317,4.666666666666667,0,C,0
4790,3,0.0,6.0,0,R,1
4791,1,0.0,5.0,0,C,0
4792,1,0.816496580927726,3.0,0,C,1
4793,3,0.816496580927726,4.0,0,R,1
4794,0,0.0,4.0,0,C,0
4795,1,0.4714045207910317,2.6666666666666665,0,C,0
4796,2,0.0,6.0,0,R,1
4797,2,0.0,4.0,0,R,1
4798,2,0.0,4.0,0,R,1
4799,1,0.4714045207910317,6.333333333333333,0,C,0
4800,1,0.4714045207910317,3.6666666666666665,0,C,0
4801,2,0.4714045207910317,4.666666666666667,0,R,1
4802,0,0.0,4.0,0,C,0
4803,3,0.4714045207910317,6.666666666666667,0,R,1
4804,1,0.0,5.0,0,C,0
4805,1,0.4714045207910317,6.666666666666667,0,C,0
4806,2,0.0,3.0,0,R,1
4807,1,0.816496580927726,4.0,0,C,1
4808,1,0.4714045207910317,4.666666666666667,0,C,0
4809,2,0.4714045207910317,4.333333333333333,0,R,1
4810,2,0.4714045207910317,3.6666666666666665,0,R,1
4811,2,0.0,1.0,0,R,1
4812,0,0.0,3.0,0,C,0
4813,2,0.0,3.0,0,R,1
4814,0,0.4714045207910317,4.666666666666667,0,C,0
4815,0,0.0,7.0,0,C,0
4816,2,0.4714045207910317,5.333333333333333,0,R,1
4817,0,0.0,4.0,0,C,0
4818,0,0.0,5.0,0,C,0
4819,1,0.816496580927726,6.0,0,C,1
4820,0,0.4714045207910317,6.333333333333333,0,C,0
4821,2,0.4714045207910317,4.333333333333333,0,R,1
4822,2,0.0,5.0,0,R,1
4823,1,0.4714045207910317,2.333333333333333,0,C,0
4824,0,0.4714045207910317,2.6666666666666665,0,C,0
4825,1,0.4714045207910317,1.6666666666666667,0,C,0
4826,2,0.0,6.0,0,R,1
4827,1,0.4714045207910317,5.333333333333333,0,C,0
4828,1,0.4714045207910317,3.6666666666666665,0,C,0
4829,2,0.0,7.0,0,R,1
4830,1,0.4714045207910317,3.6666666666666665,0,C,0
4831,0,0.0,5.0,0,C,0
4832,2,0.4714045207910317,3.333333333333333,0,R,1
4833,0,0.4714045207910317,5.666666666666667,0,C,0
4834,1,0.0,5.0,0,C,0
4835,1,0.4714045207910317,4.333333333333333,0,C,0
4836,1,0.0,5.0,0,C,0
4837,0,0.816496580927726,4.0,0,C,1
4838,0,0.0,7.0,0,C,0
4839,1,0.4714045207910317,3.6666666666666665,0,C,0
4840,1,0.0,4.0,0,C,0
4841,0,0.4714045207910317,6.333333333333333,0,C,0
4842,1,0.4714045207910317,4.666666666666667,0,C,0
4843,1,0.4714045207910317,6.333333333333333,0,C,0
4844,0,0.0,4.0,0,C,0
4845,2,0.4714045207910317,4.666666666666667,0,R,1
4846,0,0.816496580927726,4.0,0,C,1
4847,0,0.4714045207910317,6.666666666666667,0,C,0
4848,2,0.0,4.0,0,R,1
4849,1,0.4714045207910317,5.666666666666667,0,C,0
4850,0,0.4714045207910317,2.6666666666666665,0,C,0
4851,3,0.4714045207910317,8.333333333333334,0,R,1
4852,1,0.4714045207910317,6.666666666666667,0,C,0
4853,1,0.816496580927726,3.0,0,C,1
4854,2,0.816496580927726,6.0,0,R,1
4855,2,0.4714045207910317,4.666666666666667,0,R,1
4856,1,0.0,3.0,0,C,0
4857,0,0.4714045207910317,4.333333333333333,0,C,0
4858,1,0.0,6.0,0,C,0
4859,1,0.4714045207910317,2.6666666666666665,0,C,0
4860,2,0.4714045207910317,5.666666666666667,0,R,1
4861,1,0.4714045207910317,3.333333333333333,0,C,0
4862,3,0.4714045207910317,7.666666666666667,0,R,1
4863,1,0.4714045207910317,5.333333333333333,0,C,0
4864,0,0.816496580927726,5.0,0,C,1
4865,0,0.4714045207910317,3.6666666666666665,0,C,0
4866,2,0.0,3.0,0,R,1
4867,2,0.4714045207910317,5.333333333333333,0,R,1
4868,1,0.4714045207910317,4.333333333333333,0,C,0
4869,0,0.0,6.0,0,C,0
4870,1,0.816496580927726,4.0,0,C,1
4871,0,0.4714045207910317,3.6666666666666665,0,C,0
4872,1,0.0,6.0,0,C,0
4873,1,0.0,7.0,0,C,0
4874,1,0.4714045207910317,3.333333333333333,0,C,0
4875,1,0.4714045207910317,5.666666666666667,0,C,0
4876,0,0.4714045207910317,4.333333333333333,0,C,0
4877,0,0.4714045207910317,5.666666666666667,0,C,0
4878,0,0.4714045207910317,3.6666666666666665,0,C,0
4879,1,0.0,7.0,0,C,0
4880,0,0.0,4.0,0,C,0
4881,1,0.816496580927726,6.0,0,C,1
4882,1,0.9428090415820634,2.6666666666666665,0,C,1
4883,3,1.8856180831641267,7.666666666666667,0,R,1
4884,2,0.4714045207910317,3.333333333333333,0,R,1
4885,0,0.4714045207910317,4.666666666666667,0,C,0
4886,3,0.4714045207910317,6.333333333333333,0,R,1
4887,3,0.0,5.0,0,R,1
4888,3,0.4714045207910317,5.666666666666667,0,R,1
4889,2,0.4714045207910317,8.666666666666666,0,R,1
4890,0,0.4714045207910317,3.333333333333333,0,C,0
4891,1,0.816496580927726,6.0,0,C,1
4892,0,0.4714045207910317,3.333333333333333,0,C,0
4893,1,0.0,5.0,0,C,0
4894,1,0.4714045207910317,4.666666666666667,0,C,0
4895,0,0.0,2.0,0,C,0
4896,1,0.0,3.0,0,C,0
4897,0,0.0,5.0,0,C,0
4898,0,0.9428090415820634,4.333333333333333,0,C,1
4899,1,0.0,3.0,0,C,0
4900,0,0.4714045207910317,5.333333333333333,0,C,0
4901,0,0.4714045207910317,4.666666666666667,0,C,0
4902,2,0.4714045207910317,1.3333333333333333,0,R,1
4903,2,0.4714045207910317,3.333333333333333,0,R,1
4904,2,0.4714045207910317,4.333333333333333,0,R,1
4905,1,0.4714045207910317,5.666666666666667,0,C,0
4906,2,0.4714045207910317,4.666666666666667,0,R,1
4907,0,0.4714045207910317,5.333333333333333,0,C,0
4908,1,0.4714045207910317,3.6666666666666665,0,C,0
4909,1,0.4714045207910317,6.666666666666667,0,C,0
4910,1,0.4714045207910317,5.666666666666667,0,C,0
4911,3,0.816496580927726,5.0,0,R,1
4912,1,0.816496580927726,5.0,0,C,1
4913,3,0.9428090415820634,5.333333333333333,0,R,1
4914,0,0.4714045207910317,4.333333333333333,0,C,0
4915,0,0.9428090415820634,6.333333333333333,0,C,1
4916,2,0.0,8.0,0,R,1
4917,2,0.816496580927726,5.0,0,R,1
4918,0,0.4714045207910317,6.666666666666667,0,C,0
4919,1,0.4714045207910317,5.666666666666667,0,C,0
4920,1,0.0,5.0,0,C,0
4921,1,0.0,4.0,0,C,0
4922,0,0.4714045207910317,3.333333333333333,0,C,0
4923,0,0.9428090415820634,4.666666666666667,0,C,1
4924,1,0.0,5.0,0,C,0
4925,0,0.4714045207910317,3.6666666666666665,0,C,0
4926,0,0.4714045207910317,3.333333333333333,0,C,0
4927,0,0.4714045207910317,4.666666666666667,0,C,0
4928,2,0.4714045207910317,6.666666666666667,0,R,1
4929,2,0.4714045207910317,2.6666666666666665,0,R,1
4930,2,0.4714045207910317,5.333333333333333,0,R,1
4931,0,0.4714045207910317,2.333333333333333,0,C,0
4932,0,0.4714045207910317,4.333333333333333,0,C,0
4933,0,0.0,5.0,0,C,0
4934,2,0.0,8.0,0,R,1
4935,2,0.0,6.0,0,R,1
4936,0,0.4714045207910317,3.333333333333333,0,C,0
4937,2,0.0,3.0,0,R,1
4938,1,0.4714045207910317,5.333333333333333,0,C,0
4939,2,0.0,3.0,0,R,1
4940,1,0.816496580927726,5.0,0,C,1
4941,2,1.4142135623730951,5.0,0,R,1
4942,0,0.4714045207910317,4.333333333333333,0,C,0
4943,0,0.4714045207910317,5.333333333333333,0,C,0
4944,0,0.4714045207910317,3.6666666666666665,0,C,0
4945,0,0.4714045207910317,4.333333333333333,0,C,0
4946,2,0.0,5.0,0,R,1
4947,1,0.0,6.0,0,C,0
4948,2,0.0,6.0,0,R,1
4949,2,0.4714045207910317,7.333333333333333,0,R,1
4950,0,0.4714045207910317,6.666666666666667,0,C,0
4951,1,0.0,6.0,0,C,0
4952,0,0.4714045207910317,2.6666666666666665,0,C,0
4953,1,0.0,5.0,0,C,0
4954,1,0.4714045207910317,5.666666666666667,0,C,0
4955,1,0.0,6.0,0,C,0
4956,0,0.0,5.0,0,C,0
4957,2,0.4714045207910317,6.333333333333333,0,R,1
4958,1,0.4714045207910317,5.333333333333333,0,C,0
4959,0,0.0,6.0,0,C,0
4960,0,0.4714045207910317,4.666666666666667,0,C,0
4961,0,0.4714045207910317,4.333333333333333,0,C,0
4962,0,0.4714045207910317,5.333333333333333,0,C,0
4963,2,0.816496580927726,5.0,0,R,1
4964,0,0.4714045207910317,4.666666666666667,0,C,0
4965,3,0.816496580927726,6.0,0,R,1
4966,1,0.4714045207910317,3.333333333333333,0,C,0
4967,1,0.0,5.0,0,C,0
4968,1,0.816496580927726,5.0,0,C,1
4969,0,0.4714045207910317,4.666666666666667,0,C,0
4970,2,0.4714045207910317,3.6666666666666665,0,R,1
4971,2,0.4714045207910317,3.6666666666666665,0,R,1
4972,2,0.816496580927726,5.0,0,R,1
4973,3,0.4714045207910317,8.666666666666666,0,R,1
4974,0,0.0,3.0,0,C,0
4975,1,0.0,3.0,0,C,0
4976,1,0.4714045207910317,4.333333333333333,0,C,0
4977,2,0.4714045207910317,4.333333333333333,0,R,1
4978,0,0.4714045207910317,4.666666666666667,0,C,0
4979,0,0.0,6.0,0,C,0
4980,2,0.816496580927726,3.0,0,R,1
4981,2,1.8856180831641267,6.333333333333333,0,R,1
4982,1,0.816496580927726,4.0,0,C,1
4983,0,0.0,5.0,0,C,0
4984,2,0.0,4.0,0,R,1
4985,0,0.4714045207910317,3.6666666666666665,0,C,0
4986,0,0.0,5.0,0,C,0
4987,1,0.4714045207910317,4.666666666666667,0,C,0
4988,1,0.4714045207910317,7.666666666666667,0,C,0
4989,0,0.9428090415820634,3.333333333333333,0,C,1
4990,1,0.4714045207910317,5.666666666666667,0,C,0
4991,1,0.4714045207910317,7.666666666666667,0,C,0
4992,0,0.0,5.0,0,C,0
4993,3,0.4714045207910317,8.666666666666666,0,R,1
4994,1,0.4714045207910317,6.333333333333333,0,C,0
4995,0,0.816496580927726,4.0,0,C,1
4996,2,0.4714045207910317,7.666666666666667,0,R,1
4997,0,0.4714045207910317,3.6666666666666665,0,C,0
4998,3,1.247219128924647,4.666666666666667,0,R,1
4999,1,0.0,4.0,0,C,0
5000,0,0.4714045207910317,5.666666666666667,0,C,0
5001,1,0.0,6.0,0,C,0
5002,0,0.4714045207910317,3.6666666666666665,0,C,0
5003,3,0.816496580927726,5.0,0,R,1
5004,0,0.0,4.0,0,C,0
5005,1,0.4714045207910317,3.6666666666666665,0,C,0
5006,0,0.4714045207910317,3.333333333333333,0,C,0
5007,1,0.4714045207910317,4.666666666666667,0,C,0
5008,2,0.0,7.0,0,R,1
5009,2,0.4714045207910317,3.6666666666666665,0,R,1
5010,0,0.816496580927726,3.0,0,C,1
5011,2,0.816496580927726,4.0,0,R,1
5012,1,0.4714045207910317,5.333333333333333,0,C,0
5013,1,0.4714045207910317,4.333333333333333,0,C,0
5014,0,0.4714045207910317,3.6666666666666665,0,C,0
5015,3,0.4714045207910317,8.333333333333334,0,R,1
5016,1,0.816496580927726,6.0,0,C,1
5017,2,0.816496580927726,4.0,0,R,1
5018,1,0.0,4.0,0,C,0
5019,2,0.4714045207910317,4.666666666666667,0,R,1
5020,2,0.4714045207910317,6.666666666666667,0,R,1
5021,0,0.0,5.0,0,C,0
5022,2,0.0,4.0,0,R,1
5023,1,0.0,6.0,0,C,0
5024,2,0.4714045207910317,8.666666666666666,0,R,1
5025,0,0.4714045207910317,4.666666666666667,0,C,0
5026,0,0.4714045207910317,4.333333333333333,0,C,0
5027,0,0.4714045207910317,3.6666666666666665,0,C,0
5028,0,0.0,5.0,0,C,0
5029,0,0.0,5.0,0,C,0
5030,2,0.816496580927726,6.0,0,R,1
5031,1,0.4714045207910317,5.333333333333333,0,C,0
5032,2,0.4714045207910317,4.666666666666667,0,R,1
5033,1,0.4714045207910317,2.333333333333333,0,C,0
5034,2,0.4714045207910317,1.6666666666666667,0,R,1
5035,2,0.4714045207910317,7.666666666666667,0,R,1
5036,2,1.247219128924647,5.666666666666667,0,R,1
5037,1,0.816496580927726,4.0,0,C,1
5038,0,0.4714045207910317,4.666666666666667,0,C,0
5039,0,0.4714045207910317,3.6666666666666665,0,C,0
5040,1,0.4714045207910317,6.333333333333333,0,C,0
5041,2,0.4714045207910317,6.333333333333333,0,R,1
5042,3,0.816496580927726,8.0,0,R,1
5043,1,0.0,5.0,0,C,0
5044,0,0.816496580927726,5.0,0,C,1
5045,1,0.4714045207910317,4.666666666666667,0,C,0
5046,0,0.4714045207910317,5.333333333333333,0,C,0
5047,0,0.4714045207910317,4.333333333333333,0,C,0
5048,2,0.4714045207910317,4.666666666666667,0,R,1
5049,2,0.4714045207910317,7.666666666666667,0,R,1
5050,3,0.9428090415820634,6.333333333333333,0,R,1
5051,2,0.4714045207910317,4.666666666666667,0,R,1
5052,0,0.4714045207910317,4.333333333333333,0,C,0
5053,0,0.0,5.0,0,C,0
5054,3,0.816496580927726,6.0,0,R,1
5055,1,0.4714045207910317,2.6666666666666665,0,C,0
5056,2,0.4714045207910317,5.666666666666667,0,R,1
5057,0,0.4714045207910317,4.666666666666667,0,C,0
5058,2,0.4714045207910317,5.666666666666667,0,R,1
5059,0,0.4714045207910317,3.6666666666666665,0,C,0
5060,2,0.4714045207910317,7.333333333333333,0,R,1
5061,0,0.0,4.0,0,C,0
5062,1,0.4714045207910317,4.333333333333333,0,C,0
5063,0,0.0,4.0,0,C,0
5064,1,0.4714045207910317,6.333333333333333,0,C,0
5065,1,0.4714045207910317,4.333333333333333,0,C,0
5066,0,0.0,5.0,0,C,0
5067,2,0.816496580927726,5.0,0,R,1
5068,1,0.816496580927726,2.0,0,C,1
5069,3,1.4142135623730951,5.0,0,R,1
5070,3,1.699673171197595,6.333333333333333,0,R,1
5071,0,0.4714045207910317,3.6666666666666665,0,C,0
5072,1,0.4714045207910317,5.333333333333333,0,C,0
5073,2,0.4714045207910317,3.333333333333333,0,R,1
5074,0,0.0,5.0,0,C,0
5075,2,0.0,4.0,0,R,1
5076,0,0.0,3.0,0,C,0
5077,1,0.4714045207910317,4.333333333333333,0,C,0
5078,3,0.816496580927726,3.0,0,R,1
5079,0,0.0,3.0,0,C,0
5080,2,0.9428090415820634,4.333333333333333,0,R,1
5081,0,0.4714045207910317,4.666666666666667,0,C,0
5082,0,0.4714045207910317,3.333333333333333,0,C,0
5083,2,0.0,3.0,0,R,1
5084,0,0.0,5.0,0,C,0
5085,0,0.4714045207910317,3.6666666666666665,0,C,0
5086,1,0.4714045207910317,3.6666666666666665,0,C,0
5087,0,0.0,4.0,0,C,0
5088,2,0.9428090415820634,5.333333333333333,0,R,1
5089,1,0.4714045207910317,3.6666666666666665,0,C,0
5090,0,0.4714045207910317,4.666666666666667,0,C,0
5091,2,1.4142135623730951,5.0,0,R,1
5092,0,0.0,3.0,0,C,0
5093,0,0.0,3.0,0,C,0
5094,0,0.4714045207910317,3.333333333333333,0,C,0
5095,0,0.0,4.0,0,C,0
5096,2,0.0,3.0,0,R,1
5097,2,0.0,4.0,0,R,1
5098,1,0.4714045207910317,5.666666666666667,0,C,0
5099,1,0.4714045207910317,2.333333333333333,0,C,0
5100,1,0.0,4.0,0,C,0
5101,0,0.4714045207910317,5.666666666666667,0,C,0
5102,1,0.0,3.0,0,C,0
5103,0,0.0,3.0,0,C,0
5104,2,0.0,3.0,0,R,1
5105,0,0.4714045207910317,3.333333333333333,0,C,0
5106,3,0.0,5.0,0,R,1
5107,1,0.4714045207910317,5.666666666666667,0,C,0
5108,1,0.0,5.0,0,C,0
5109,0,0.4714045207910317,4.333333333333333,0,C,0
5110,3,0.4714045207910317,3.6666666666666665,0,R,1
5111,1,1.699673171197595,6.333333333333333,0,C,1
5112,1,0.4714045207910317,3.6666666666666665,0,C,0
5113,1,0.0,4.0,0,C,0
5114,1,0.4714045207910317,3.6666666666666665,0,C,0
5115,0,0.4714045207910317,4.333333333333333,0,C,0
5116,1,0.0,5.0,0,C,0
5117,0,0.4714045207910317,6.666666666666667,0,C,0
5118,1,0.0,5.0,0,C,0
5119,1,0.4714045207910317,4.666666666666667,0,C,0
5120,2,0.4714045207910317,5.333333333333333,0,R,1
5121,0,0.4714045207910317,3.333333333333333,0,C,0
5122,1,0.4714045207910317,5.666666666666667,0,C,0
5123,2,2.160246899469287,4.0,0,R,1
5124,1,0.816496580927726,5.0,0,C,1
5125,1,0.816496580927726,5.0,0,C,1
5126,0,0.4714045207910317,6.666666666666667,0,C,0
5127,1,0.4714045207910317,5.666666666666667,0,C,0
5128,0,0.4714045207910317,4.333333333333333,0,C,0
5129,3,0.816496580927726,5.0,0,R,1
5130,1,0.4714045207910317,4.666666666666667,0,C,0
5131,0,0.4714045207910317,5.666666666666667,0,C,0
5132,1,0.0,6.0,0,C,0
5133,1,0.4714045207910317,4.333333333333333,0,C,0
5134,0,0.0,5.0,0,C,0
5135,1,0.0,2.0,0,C,0
5136,0,0.4714045207910317,5.666666666666667,0,C,0
5137,1,0.4714045207910317,4.333333333333333,0,C,0
5138,2,0.0,5.0,0,R,1
5139,1,0.0,5.0,0,C,0
5140,3,0.4714045207910317,5.666666666666667,0,R,1
5141,1,0.0,4.0,0,C,0
5142,2,0.4714045207910317,7.333333333333333,0,R,1
5143,0,0.4714045207910317,4.666666666666667,0,C,0
5144,1,0.4714045207910317,6.666666666666667,0,C,0
5145,2,0.4714045207910317,3.6666666666666665,0,R,1
5146,3,1.247219128924647,4.666666666666667,0,R,1
5147,0,0.4714045207910317,4.666666666666667,0,C,0
5148,2,0.4714045207910317,6.333333333333333,0,R,1
5149,1,0.0,6.0,0,C,0
5150,0,0.4714045207910317,3.6666666666666665,0,C,0
5151,0,0.0,4.0,0,C,0
5152,2,0.4714045207910317,6.333333333333333,0,R,1
5153,0,0.0,5.0,0,C,0
5154,0,0.0,3.0,0,C,0
5155,1,0.9428090415820634,5.333333333333333,0,C,1
5156,0,0.0,5.0,0,C,0
5157,1,0.0,3.0,0,C,0
5158,0,0.4714045207910317,5.333333333333333,0,C,0
5159,0,0.0,3.0,0,C,0
5160,1,0.4714045207910317,4.666666666666667,0,C,0
5161,0,0.4714045207910317,7.333333333333333,0,C,0
5162,3,0.4714045207910317,5.666666666666667,0,R,1
5163,2,0.0,4.0,0,R,1
5164,2,0.4714045207910317,8.666666666666666,0,R,1
5165,0,0.4714045207910317,3.333333333333333,0,C,0
5166,2,0.4714045207910317,6.333333333333333,0,R,1
5167,1,0.4714045207910317,2.6666666666666665,0,C,0
5168,1,0.4714045207910317,5.333333333333333,0,C,0
5169,0,0.0,3.0,0,C,0
5170,1,0.4714045207910317,4.666666666666667,0,C,0
5171,1,0.0,5.0,0,C,0
5172,1,0.0,6.0,0,C,0
5173,0,0.4714045207910317,4.333333333333333,0,C,0
5174,2,0.0,7.0,0,R,1
5175,1,0.4714045207910317,4.333333333333333,0,C,0
5176,0,0.0,3.0,0,C,0
5177,3,0.816496580927726,3.0,0,R,1
5178,1,0.4714045207910317,4.333333333333333,0,C,0
5179,0,0.4714045207910317,5.666666666666667,0,C,0
5180,2,0.4714045207910317,3.333333333333333,0,R,1
5181,1,0.0,3.0,0,C,0
5182,1,0.816496580927726,5.0,0,C,1
5183,3,0.4714045207910317,6.333333333333333,0,R,1
5184,0,0.0,5.0,0,C,0
5185,1,0.4714045207910317,4.666666666666667,0,C,0
5186,1,0.4714045207910317,4.333333333333333,0,C,0
5187,0,0.0,4.0,0,C,0
5188,0,0.0,5.0,0,C,0
5189,0,0.0,5.0,0,C,0
5190,3,0.816496580927726,4.0,0,R,1
5191,0,0.0,4.0,0,C,0
5192,2,0.4714045207910317,3.6666666666666665,0,R,1
5193,0,0.0,3.0,0,C,0
5194,0,0.0,3.0,0,C,0
5195,2,0.4714045207910317,5.666666666666667,0,R,1
5196,0,0.0,4.0,0,C,0
5197,1,0.0,7.0,0,C,0
5198,0,0.0,5.0,0,C,0
5199,0,0.4714045207910317,7.666666666666667,0,C,0
5200,3,1.247219128924647,7.666666666666667,0,R,1
5201,0,0.0,5.0,0,C,0
5202,2,0.4714045207910317,5.666666666666667,0,R,1
5203,1,0.4714045207910317,4.333333333333333,0,C,0
5204,2,0.4714045207910317,1.6666666666666667,0,R,1
5205,2,0.4714045207910317,5.666666666666667,0,R,1
5206,1,0.4714045207910317,6.666666666666667,0,C,0
5207,2,0.0,2.0,0,R,1
5208,2,0.4714045207910317,7.333333333333333,0,R,1
5209,1,0.0,5.0,0,C,0
5210,0,0.4714045207910317,3.333333333333333,0,C,0
5211,2,0.4714045207910317,7.333333333333333,0,R,1
5212,0,0.0,4.0,0,C,0
5213,1,0.4714045207910317,3.333333333333333,0,C,0
5214,1,0.9428090415820634,6.333333333333333,0,C,1
5215,0,0.4714045207910317,6.666666666666667,0,C,0
5216,0,0.4714045207910317,3.333333333333333,0,C,0
5217,2,0.4714045207910317,6.666666666666667,0,R,1
5218,1,0.4714045207910317,5.333333333333333,0,C,0
5219,2,0.4714045207910317,3.6666666666666665,0,R,1
5220,3,0.816496580927726,2.0,0,R,1
5221,3,0.4714045207910317,7.666666666666667,0,R,1
5222,1,0.4714045207910317,3.6666666666666665,0,C,0
5223,1,0.0,5.0,0,C,0
5224,2,0.9428090415820634,6.666666666666667,0,R,1
5225,0,0.4714045207910317,2.6666666666666665,0,C,0
5226,3,0.4714045207910317,3.333333333333333,0,R,1
5227,2,0.0,6.0,0,R,1
5228,0,0.4714045207910317,3.6666666666666665,0,C,0
5229,1,0.4714045207910317,4.333333333333333,0,C,0
5230,2,0.4714045207910317,4.333333333333333,0,R,1
5231,1,0.4714045207910317,4.333333333333333,0,C,0
5232,0,0.4714045207910317,3.333333333333333,0,C,0
5233,2,0.4714045207910317,5.333333333333333,0,R,1
5234,1,0.4714045207910317,1.3333333333333333,0,C,0
5235,2,0.4714045207910317,7.666666666666667,0,R,1
5236,0,0.4714045207910317,3.6666666666666665,0,C,0
5237,2,0.0,5.0,0,R,1
5238,0,0.4714045207910317,3.333333333333333,0,C,0
5239,0,0.4714045207910317,4.333333333333333,0,C,0
5240,2,0.4714045207910317,1.6666666666666667,0,R,1
5241,1,0.0,3.0,0,C,0
5242,2,0.9428090415820634,3.6666666666666665,0,R,1
5243,1,0.4714045207910317,5.666666666666667,0,C,0
5244,3,0.4714045207910317,8.666666666666666,0,R,1
5245,1,0.0,2.0,0,C,0
5246,0,0.0,5.0,0,C,0
5247,1,0.0,5.0,0,C,0
5248,3,0.0,9.0,0,R,1
5249,2,0.4714045207910317,5.666666666666667,0,R,1
5250,0,0.4714045207910317,3.333333333333333,0,C,0
5251,1,0.4714045207910317,6.333333333333333,0,C,0
5252,1,0.0,4.0,0,C,0
5253,1,0.4714045207910317,2.6666666666666665,0,C,0
5254,1,0.0,5.0,0,C,0
5255,3,0.0,1.0,0,R,1
5256,0,0.0,3.0,0,C,0
5257,1,0.4714045207910317,4.333333333333333,0,C,0
5258,1,0.4714045207910317,5.666666666666667,0,C,0
5259,1,0.4714045207910317,5.666666666666667,0,C,0
5260,0,0.4714045207910317,7.666666666666667,0,C,0
5261,0,0.4714045207910317,4.666666666666667,0,C,0
5262,1,0.0,5.0,0,C,0
5263,1,0.4714045207910317,6.333333333333333,0,C,0
5264,1,0.4714045207910317,3.6666666666666665,0,C,0
5265,1,0.4714045207910317,6.333333333333333,0,C,0
5266,1,0.4714045207910317,5.333333333333333,0,C,0
5267,0,0.4714045207910317,5.666666666666667,0,C,0
5268,0,0.0,6.0,0,C,0
5269,1,0.4714045207910317,5.333333333333333,0,C,0
5270,0,0.0,3.0,0,C,0
5271,1,0.4714045207910317,5.666666666666667,0,C,0
5272,1,0.4714045207910317,3.6666666666666665,0,C,0
5273,0,0.4714045207910317,4.666666666666667,0,C,0
5274,0,0.9428090415820634,7.333333333333333,0,C,1
5275,1,0.0,4.0,0,C,0
5276,0,0.4714045207910317,5.333333333333333,0,C,0
5277,2,0.4714045207910317,6.333333333333333,0,R,1
5278,1,0.0,5.0,0,C,0
5279,0,0.4714045207910317,3.6666666666666665,0,C,0
5280,1,0.816496580927726,5.0,0,C,1
5281,1,0.816496580927726,6.0,0,C,1
5282,0,0.0,4.0,0,C,0
5283,2,0.4714045207910317,4.666666666666667,0,R,1
5284,1,0.816496580927726,6.0,0,C,1
5285,1,0.4714045207910317,2.6666666666666665,0,C,0
5286,1,0.0,4.0,0,C,0
5287,1,0.0,3.0,0,C,0
5288,2,0.0,4.0,0,R,1
5289,1,0.4714045207910317,3.6666666666666665,0,C,0
5290,0,0.0,4.0,0,C,0
5291,2,0.4714045207910317,2.6666666666666665,0,R,1
5292,2,1.247219128924647,5.666666666666667,0,R,1
5293,0,0.0,4.0,0,C,0
5294,0,0.4714045207910317,4.333333333333333,0,C,0
5295,1,0.0,3.0,0,C,0
5296,1,0.9428090415820634,5.333333333333333,0,C,1
5297,0,0.0,4.0,0,C,0
5298,2,0.4714045207910317,2.333333333333333,0,R,1
5299,2,0.4714045207910317,6.666666666666667,0,R,1
5300,1,0.4714045207910317,4.333333333333333,0,C,0
5301,2,0.4714045207910317,5.333333333333333,0,R,1
5302,0,0.4714045207910317,3.6666666666666665,0,C,0
5303,1,0.0,4.0,0,C,0
5304,1,0.4714045207910317,4.333333333333333,0,C,0
5305,0,0.816496580927726,7.0,0,C,1
5306,0,0.0,4.0,0,C,0
5307,1,0.4714045207910317,6.333333333333333,0,C,0
5308,1,0.4714045207910317,2.6666666666666665,0,C,0
5309,2,0.4714045207910317,4.333333333333333,0,R,1
5310,0,0.4714045207910317,6.666666666666667,0,C,0
5311,1,0.0,2.0,0,C,0
5312,1,0.4714045207910317,5.333333333333333,0,C,0
5313,0,0.0,5.0,0,C,0
5314,1,0.4714045207910317,4.333333333333333,0,C,0
5315,3,0.4714045207910317,7.666666666666667,0,R,1
5316,1,0.4714045207910317,6.333333333333333,0,C,0
5317,0,0.816496580927726,5.0,0,C,1
5318,1,0.4714045207910317,5.666666666666667,0,C,0
5319,1,0.0,6.0,0,C,0
5320,0,0.0,6.0,0,C,0
5321,0,0.0,5.0,0,C,0
5322,0,0.4714045207910317,5.666666666666667,0,C,0
5323,1,0.0,5.0,0,C,0
5324,1,0.4714045207910317,3.333333333333333,0,C,0
5325,2,0.4714045207910317,5.666666666666667,0,R,1
5326,0,0.0,4.0,0,C,0
5327,3,0.0,6.0,0,R,1
5328,0,0.0,6.0,0,C,0
5329,0,0.0,5.0,0,C,0
5330,0,0.4714045207910317,3.333333333333333,0,C,0
5331,0,0.0,3.0,0,C,0
5332,2,0.9428090415820634,4.333333333333333,0,R,1
5333,2,0.4714045207910317,5.333333333333333,0,R,1
5334,0,0.4714045207910317,3.333333333333333,0,C,0
5335,2,0.4714045207910317,5.333333333333333,0,R,1
5336,0,0.0,4.0,0,C,0
5337,0,0.0,4.0,0,C,0
5338,1,0.0,5.0,0,C,0
5339,0,0.0,3.0,0,C,0
5340,0,0.0,4.0,0,C,0
5341,1,0.4714045207910317,3.6666666666666665,0,C,0
5342,1,0.4714045207910317,7.666666666666667,0,C,0
5343,2,0.0,5.0,0,R,1
5344,0,0.4714045207910317,4.333333333333333,0,C,0
5345,0,0.0,6.0,0,C,0
5346,0,0.9428090415820634,3.333333333333333,0,C,1
5347,1,0.4714045207910317,4.333333333333333,0,C,0
5348,0,0.4714045207910317,4.333333333333333,0,C,0
5349,0,0.4714045207910317,4.666666666666667,0,C,0
5350,0,0.4714045207910317,2.333333333333333,0,C,0
5352,3,0.816496580927726,5.0,0,R,1
5353,2,0.4714045207910317,5.666666666666667,0,R,1
5354,1,0.0,6.0,0,C,0
5355,0,0.0,4.0,0,C,0
5356,0,0.4714045207910317,4.333333333333333,0,C,0
5357,2,0.4714045207910317,6.666666666666667,0,R,1
5359,2,0.0,5.0,0,R,1
5360,1,0.0,5.0,0,C,0
5361,1,0.9428090415820634,2.6666666666666665,0,C,1
5362,0,0.4714045207910317,5.666666666666667,0,C,0
5363,3,0.4714045207910317,8.666666666666666,0,R,1
5364,0,0.0,5.0,0,C,0
5365,1,0.0,2.0,0,C,0
5366,0,0.4714045207910317,3.333333333333333,0,C,0
5367,1,0.0,4.0,0,C,0
5368,0,0.9428090415820634,3.333333333333333,0,C,1
5369,2,0.4714045207910317,1.6666666666666667,0,R,1
5370,0,0.4714045207910317,6.333333333333333,0,C,0
5371,0,0.4714045207910317,3.333333333333333,0,C,0
5372,3,0.4714045207910317,5.666666666666667,0,R,1
5373,0,0.4714045207910317,3.6666666666666665,0,C,0
5374,1,0.0,4.0,0,C,0
5375,1,0.4714045207910317,4.666666666666667,0,C,0
5376,0,0.4714045207910317,3.333333333333333,0,C,0
5377,1,0.4714045207910317,4.333333333333333,0,C,0
5378,2,0.4714045207910317,4.333333333333333,0,R,1
5379,2,0.4714045207910317,3.333333333333333,0,R,1
5380,0,0.0,6.0,0,C,0
5381,0,0.4714045207910317,4.333333333333333,0,C,0
5382,3,0.9428090415820634,6.333333333333333,0,R,1
5383,0,0.4714045207910317,5.333333333333333,0,C,0
5384,0,0.0,5.0,0,C,0
5385,3,1.247219128924647,5.666666666666667,0,R,1
5386,2,0.9428090415820634,7.333333333333333,0,R,1
5387,1,0.4714045207910317,7.333333333333333,0,C,0
5388,2,0.4714045207910317,5.666666666666667,0,R,1
5389,0,0.4714045207910317,5.333333333333333,0,C,0
5390,1,0.0,6.0,0,C,0
5391,0,0.4714045207910317,3.6666666666666665,0,C,0
5392,1,0.4714045207910317,4.666666666666667,0,C,0
5393,0,0.0,5.0,0,C,0
5394,3,0.816496580927726,4.0,0,R,1
5395,1,0.4714045207910317,2.6666666666666665,0,C,0
5396,2,0.816496580927726,6.0,0,R,1
5397,1,0.4714045207910317,3.333333333333333,0,C,0
5398,0,0.4714045207910317,3.6666666666666665,0,C,0
5399,1,0.816496580927726,2.0,0,C,1
5400,2,0.4714045207910317,3.333333333333333,0,R,1
5401,0,0.816496580927726,5.0,0,C,1
5402,1,0.4714045207910317,4.666666666666667,0,C,0
5403,2,1.247219128924647,5.666666666666667,0,R,1
5404,0,0.4714045207910317,2.6666666666666665,0,C,0
5405,0,0.4714045207910317,4.333333333333333,0,C,0
5406,2,0.4714045207910317,5.333333333333333,0,R,1
5407,1,0.0,5.0,0,C,0
5408,1,0.0,5.0,0,C,0
5409,1,0.4714045207910317,3.333333333333333,0,C,0
5410,2,0.4714045207910317,5.666666666666667,0,R,1
5411,2,0.4714045207910317,5.666666666666667,0,R,1
5412,1,0.4714045207910317,5.333333333333333,0,C,0
5413,0,0.4714045207910317,3.6666666666666665,0,C,0
5414,1,0.4714045207910317,3.333333333333333,0,C,0
5415,0,0.4714045207910317,5.666666666666667,0,C,0
5416,0,0.0,6.0,0,C,0
5417,2,0.0,6.0,0,R,1
5418,2,0.4714045207910317,5.666666666666667,0,R,1
5419,2,0.4714045207910317,5.333333333333333,0,R,1
5420,3,0.4714045207910317,7.333333333333333,0,R,1
5421,1,0.0,5.0,0,C,0
5422,2,0.0,4.0,0,R,1
5423,0,0.4714045207910317,4.666666666666667,0,C,0
5424,1,0.0,3.0,0,C,0
5425,0,0.4714045207910317,3.6666666666666665,0,C,0
5426,2,0.4714045207910317,8.666666666666666,0,R,1
5427,1,0.4714045207910317,2.6666666666666665,0,C,0
5428,2,0.4714045207910317,8.666666666666666,0,R,1
5429,0,0.0,3.0,0,C,0
5430,0,0.4714045207910317,3.333333333333333,0,C,0
5431,0,0.0,5.0,0,C,0
5432,2,0.4714045207910317,4.333333333333333,0,R,1
5433,0,0.0,4.0,0,C,0
5434,0,0.4714045207910317,3.333333333333333,0,C,0
5435,1,0.4714045207910317,3.6666666666666665,0,C,0
5436,0,0.816496580927726,5.0,0,C,1
5437,3,0.0,5.0,0,R,1
5438,0,0.4714045207910317,2.333333333333333,0,C,0
5439,2,0.9428090415820634,6.333333333333333,0,R,1
5440,1,0.4714045207910317,5.333333333333333,0,C,0
5441,1,0.4714045207910317,3.333333333333333,0,C,0
5442,1,0.0,3.0,0,C,0
5443,1,0.0,4.0,0,C,0
5444,0,0.0,4.0,0,C,0
5445,1,0.4714045207910317,5.333333333333333,0,C,0
5446,0,0.4714045207910317,3.6666666666666665,0,C,0
5447,1,0.0,3.0,0,C,0
5448,1,0.816496580927726,4.0,0,C,1
5449,0,0.0,6.0,0,C,0
5450,0,0.0,4.0,0,C,0
5451,1,0.0,3.0,0,C,0
5452,1,0.4714045207910317,5.333333333333333,0,C,0
5453,1,0.4714045207910317,3.6666666666666665,0,C,0
5454,0,0.4714045207910317,5.666666666666667,0,C,0
5455,1,0.0,4.0,0,C,0
5456,0,0.4714045207910317,3.6666666666666665,0,C,0
5457,3,0.4714045207910317,5.333333333333333,0,R,1
5458,0,0.4714045207910317,5.666666666666667,0,C,0
5459,0,0.0,4.0,0,C,0
5460,2,0.9428090415820634,3.6666666666666665,0,R,1
5461,0,0.0,4.0,0,C,0
5462,1,0.4714045207910317,4.666666666666667,0,C,0
5463,1,0.4714045207910317,4.666666666666667,0,C,0
5464,1,0.9428090415820634,4.666666666666667,0,C,1
5465,0,0.4714045207910317,3.333333333333333,0,C,0
5466,0,0.0,5.0,0,C,0
5467,1,0.4714045207910317,3.6666666666666665,0,C,0
5468,0,0.4714045207910317,3.6666666666666665,0,C,0
5469,0,0.4714045207910317,3.333333333333333,0,C,0
5470,0,0.4714045207910317,2.6666666666666665,0,C,0
5471,2,0.0,8.0,0,R,1
5472,1,0.4714045207910317,3.333333333333333,0,C,0
5473,1,0.816496580927726,5.0,0,C,1
5474,1,0.0,3.0,0,C,0
5475,1,0.4714045207910317,6.666666666666667,0,C,0
5476,2,0.816496580927726,4.0,0,R,1
5477,0,0.0,6.0,0,C,0
5478,2,0.4714045207910317,5.666666666666667,0,R,1
5479,1,0.4714045207910317,7.666666666666667,0,C,0
5480,2,0.0,3.0,0,R,1
5481,2,0.4714045207910317,2.6666666666666665,0,R,1
5482,1,0.9428090415820634,4.333333333333333,0,C,1
5483,1,0.0,5.0,0,C,0
5484,0,0.0,3.0,0,C,0
5485,2,0.4714045207910317,5.333333333333333,0,R,1
5486,0,0.4714045207910317,5.666666666666667,0,C,0
5487,1,0.4714045207910317,7.333333333333333,0,C,0
5488,0,0.4714045207910317,5.666666666666667,0,C,0
5489,2,1.4142135623730951,5.0,0,R,1
5490,1,0.4714045207910317,3.6666666666666665,0,C,0
5491,1,0.0,8.0,0,C,0
5492,1,0.0,4.0,0,C,0
5493,1,0.0,6.0,0,C,0
5494,1,1.4142135623730951,5.0,0,C,1
5495,0,0.4714045207910317,4.333333333333333,0,C,0
5496,2,0.4714045207910317,5.333333333333333,0,R,1
5497,1,0.4714045207910317,3.6666666666666665,0,C,0
5498,0,0.0,3.0,0,C,0
5499,2,0.4714045207910317,7.333333333333333,0,R,1
5500,0,0.816496580927726,3.0,0,C,1
5501,1,0.4714045207910317,2.6666666666666665,0,C,0
5502,3,0.4714045207910317,3.6666666666666665,0,R,1
5503,3,0.4714045207910317,6.666666666666667,0,R,1
5504,0,0.4714045207910317,3.6666666666666665,0,C,0
5505,2,0.4714045207910317,5.333333333333333,0,R,1
5506,1,0.4714045207910317,6.666666666666667,0,C,0
5507,1,0.0,3.0,0,C,0
5508,2,0.4714045207910317,4.333333333333333,0,R,1
5509,2,0.4714045207910317,6.666666666666667,0,R,1
5510,0,0.816496580927726,4.0,0,C,1
5511,1,0.4714045207910317,7.666666666666667,0,C,0
5512,1,0.4714045207910317,6.333333333333333,0,C,0
5513,1,0.0,6.0,0,C,0
5514,0,0.0,3.0,0,C,0
5515,1,0.9428090415820634,3.333333333333333,0,C,1
5516,1,0.4714045207910317,4.333333333333333,0,C,0
5517,2,0.0,6.0,0,R,1
5518,0,0.0,4.0,0,C,0
5519,0,0.4714045207910317,3.6666666666666665,0,C,0
5520,3,0.4714045207910317,7.333333333333333,0,R,1
5521,1,0.0,7.0,0,C,0
5522,0,0.4714045207910317,3.6666666666666665,0,C,0
5523,1,0.4714045207910317,4.333333333333333,0,C,0
5524,0,0.4714045207910317,5.333333333333333,0,C,0
5525,0,0.4714045207910317,5.666666666666667,0,C,0
5526,0,0.0,5.0,0,C,0
5527,3,0.4714045207910317,7.333333333333333,0,R,1
5528,0,0.0,5.0,0,C,0
5529,0,0.4714045207910317,4.666666666666667,0,C,0
5530,3,0.9428090415820634,6.666666666666667,0,R,1
5531,0,0.4714045207910317,3.333333333333333,0,C,0
5532,1,0.0,5.0,0,C,0
5533,2,0.4714045207910317,3.333333333333333,0,R,1
5534,0,0.0,5.0,0,C,0
5535,1,0.0,4.0,0,C,0
5536,0,0.4714045207910317,4.666666666666667,0,C,0
5537,2,0.4714045207910317,5.666666666666667,0,R,1
5538,1,0.4714045207910317,2.333333333333333,0,C,0
5539,2,0.0,5.0,0,R,1
5540,0,0.4714045207910317,3.6666666666666665,0,C,0
5541,0,0.816496580927726,4.0,0,C,1
5542,1,0.0,4.0,0,C,0
5543,0,0.4714045207910317,4.333333333333333,0,C,0
5544,1,0.0,5.0,0,C,0
5545,2,0.0,5.0,0,R,1
5546,0,0.0,3.0,0,C,0
5547,0,0.0,4.0,0,C,0
5548,0,0.4714045207910317,5.333333333333333,0,C,0
5549,1,0.4714045207910317,5.666666666666667,0,C,0
5550,2,0.4714045207910317,3.333333333333333,0,R,1
5551,2,0.0,6.0,0,R,1
5552,0,0.0,4.0,0,C,0
5553,0,0.4714045207910317,3.333333333333333,0,C,0
5554,2,0.4714045207910317,7.666666666666667,0,R,1
5555,2,0.4714045207910317,3.6666666666666665,0,R,1
5556,0,0.4714045207910317,3.6666666666666665,0,C,0
5557,2,0.4714045207910317,2.6666666666666665,0,R,1
5558,0,0.4714045207910317,3.6666666666666665,0,C,0
5559,1,0.4714045207910317,5.666666666666667,0,C,0
5560,0,0.4714045207910317,3.6666666666666665,0,C,0
5561,1,0.4714045207910317,5.666666666666667,0,C,0
5562,2,0.0,4.0,0,R,1
5563,1,0.0,5.0,0,C,0
5564,2,0.816496580927726,4.0,0,R,1
5565,1,0.0,5.0,0,C,0
5566,2,0.0,5.0,0,R,1
5567,1,0.4714045207910317,5.666666666666667,0,C,0
5568,1,0.4714045207910317,5.666666666666667,0,C,0
5569,1,0.4714045207910317,3.6666666666666665,0,C,0
5570,0,0.4714045207910317,3.6666666666666665,0,C,0
5571,1,0.4714045207910317,4.666666666666667,0,C,0
5572,2,0.0,5.0,0,R,1
5573,0,0.0,4.0,0,C,0
5574,2,0.0,6.0,0,R,1
5575,1,0.4714045207910317,3.6666666666666665,0,C,0
5576,0,0.4714045207910317,5.333333333333333,0,C,0
5577,0,0.4714045207910317,4.666666666666667,0,C,0
5578,2,0.4714045207910317,7.666666666666667,0,R,1
5579,0,0.0,3.0,0,C,0
5580,0,0.0,5.0,0,C,0
5581,3,0.4714045207910317,8.666666666666666,0,R,1
5582,0,0.0,7.0,0,C,0
5583,1,0.0,4.0,0,C,0
5584,0,0.0,3.0,0,C,0
5585,2,0.4714045207910317,2.6666666666666665,0,R,1
5586,2,0.4714045207910317,2.6666666666666665,0,R,1
5587,0,0.0,6.0,0,C,0
5588,1,0.4714045207910317,2.6666666666666665,0,C,0
5589,2,0.0,6.0,0,R,1
5590,1,0.0,6.0,0,C,0
5591,0,0.0,4.0,0,C,0
5592,0,0.0,4.0,0,C,0
5593,1,0.4714045207910317,3.333333333333333,0,C,0
5594,2,0.4714045207910317,5.666666666666667,0,R,1
5595,1,0.4714045207910317,3.6666666666666665,0,C,0
5596,3,0.4714045207910317,8.666666666666666,0,R,1
5597,1,0.4714045207910317,4.333333333333333,0,C,0
5598,2,0.4714045207910317,4.666666666666667,0,R,1
5599,2,0.816496580927726,2.0,0,R,1
5600,0,0.4714045207910317,4.666666666666667,0,C,0
5601,2,0.4714045207910317,7.666666666666667,0,R,1
5602,0,0.4714045207910317,6.666666666666667,0,C,0
5603,1,0.4714045207910317,5.333333333333333,0,C,0
5604,0,0.9428090415820634,6.333333333333333,0,C,1
5605,0,0.4714045207910317,3.6666666666666665,0,C,0
5606,0,0.0,2.0,0,C,0
5607,0,0.4714045207910317,4.333333333333333,0,C,0
5608,3,0.0,5.0,0,R,1
5609,0,0.0,7.0,0,C,0
5610,1,0.4714045207910317,5.333333333333333,0,C,0
5611,1,1.247219128924647,4.666666666666667,0,C,1
5612,1,0.4714045207910317,6.666666666666667,0,C,0
5613,2,0.4714045207910317,6.666666666666667,0,R,1
5614,0,0.0,5.0,0,C,0
5615,0,0.4714045207910317,5.666666666666667,0,C,0
5616,2,0.9428090415820634,5.333333333333333,0,R,1
5617,2,0.0,6.0,0,R,1
5618,0,0.0,4.0,0,C,0
5619,1,0.4714045207910317,6.666666666666667,0,C,0
5620,3,0.9428090415820634,3.6666666666666665,0,R,1
5621,1,0.816496580927726,5.0,0,C,1
5622,0,0.0,4.0,0,C,0
5623,3,0.4714045207910317,8.333333333333334,0,R,1
5624,1,0.4714045207910317,5.333333333333333,0,C,0
5625,0,0.4714045207910317,3.333333333333333,0,C,0
5626,1,0.4714045207910317,3.6666666666666665,0,C,0
5627,2,0.4714045207910317,3.333333333333333,0,R,1
5628,2,0.4714045207910317,5.333333333333333,0,R,1
5629,2,0.4714045207910317,5.666666666666667,0,R,1
5630,2,0.0,4.0,0,R,1
5631,2,0.816496580927726,5.0,0,R,1
5632,0,0.4714045207910317,3.333333333333333,0,C,0
5633,0,0.4714045207910317,3.6666666666666665,0,C,0
5634,0,0.4714045207910317,3.333333333333333,0,C,0
5635,1,0.4714045207910317,6.666666666666667,0,C,0
5636,2,0.0,6.0,0,R,1
5637,1,0.0,4.0,0,C,0
5638,0,0.4714045207910317,4.666666666666667,0,C,0
5639,2,1.247219128924647,5.333333333333333,0,R,1
5640,1,0.4714045207910317,6.666666666666667,0,C,0
5641,1,0.0,2.0,0,C,0
5642,1,0.0,6.0,0,C,0
5643,2,0.816496580927726,4.0,0,R,1
5644,2,0.0,5.0,0,R,1
5645,1,0.0,5.0,0,C,0
5646,0,0.0,3.0,0,C,0
5647,1,0.4714045207910317,4.666666666666667,0,C,0
5648,2,0.4714045207910317,3.6666666666666665,0,R,1
5649,2,0.9428090415820634,2.333333333333333,0,R,1
5650,2,0.4714045207910317,4.666666666666667,0,R,1
5651,0,0.4714045207910317,5.666666666666667,0,C,0
5652,1,0.4714045207910317,5.333333333333333,0,C,0
5653,1,0.4714045207910317,4.333333333333333,0,C,0
5654,2,0.4714045207910317,4.666666666666667,0,R,1
5655,1,0.4714045207910317,7.666666666666667,0,C,0
5656,0,0.4714045207910317,2.6666666666666665,0,C,0
5657,0,0.4714045207910317,5.666666666666667,0,C,0
5658,1,0.816496580927726,2.0,0,C,1
5659,0,0.4714045207910317,3.333333333333333,0,C,0
5660,1,0.4714045207910317,2.333333333333333,0,C,0
5661,2,0.4714045207910317,1.3333333333333333,0,R,1
5662,2,0.0,4.0,0,R,1
5663,1,0.0,6.0,0,C,0
5664,2,0.0,4.0,0,R,1
5665,1,0.4714045207910317,4.666666666666667,0,C,0
5666,1,1.247219128924647,3.333333333333333,0,C,1
5667,0,0.4714045207910317,3.6666666666666665,0,C,0
5668,1,0.9428090415820634,4.666666666666667,0,C,1
5669,0,0.0,4.0,0,C,0
5670,0,0.0,5.0,0,C,0
5671,0,0.816496580927726,4.0,0,C,1
5672,0,0.816496580927726,4.0,0,C,1
5673,0,0.4714045207910317,3.6666666666666665,0,C,0
5674,1,0.816496580927726,2.0,0,C,1
5675,1,0.4714045207910317,3.6666666666666665,0,C,0
5676,1,0.4714045207910317,4.666666666666667,0,C,0
5677,1,0.4714045207910317,5.666666666666667,0,C,0
5678,0,0.4714045207910317,4.333333333333333,0,C,0
5679,1,0.4714045207910317,7.666666666666667,0,C,0
5680,0,0.4714045207910317,3.333333333333333,0,C,0
5681,1,0.4714045207910317,2.6666666666666665,0,C,0
5682,1,0.0,6.0,0,C,0
5683,2,0.4714045207910317,6.333333333333333,0,R,1
5684,0,0.4714045207910317,3.333333333333333,0,C,0
5685,0,0.4714045207910317,3.6666666666666665,0,C,0
5686,1,0.4714045207910317,4.333333333333333,0,C,0
5687,1,0.4714045207910317,6.666666666666667,0,C,0
5688,2,0.4714045207910317,5.333333333333333,0,R,1
5689,1,0.0,3.0,0,C,0
5690,1,0.4714045207910317,3.333333333333333,0,C,0
5691,0,0.0,4.0,0,C,0
5693,2,0.4714045207910317,4.333333333333333,0,R,1
5694,1,0.4714045207910317,4.333333333333333,0,C,0
5695,0,0.4714045207910317,4.333333333333333,0,C,0
5696,1,0.4714045207910317,6.666666666666667,0,C,0
5697,1,0.816496580927726,7.0,0,C,1
5698,2,0.4714045207910317,2.6666666666666665,0,R,1
5699,0,0.4714045207910317,3.6666666666666665,0,C,0
5700,0,0.0,5.0,0,C,0
5701,1,0.816496580927726,3.0,0,C,1
5702,0,0.4714045207910317,6.666666666666667,0,C,0
5703,2,0.0,7.0,0,R,1
5704,0,0.4714045207910317,3.6666666666666665,0,C,0
5705,0,0.0,4.0,0,C,0
5706,0,0.0,5.0,0,C,0
5707,2,0.4714045207910317,3.333333333333333,0,R,1
5708,1,0.0,3.0,0,C,0
5709,1,0.4714045207910317,3.333333333333333,0,C,0
5710,1,0.4714045207910317,6.666666666666667,0,C,0
5711,1,0.4714045207910317,5.333333333333333,0,C,0
5712,0,0.0,5.0,0,C,0
5713,1,0.4714045207910317,2.6666666666666665,0,C,0
5714,1,0.0,7.0,0,C,0
5715,1,0.4714045207910317,5.333333333333333,0,C,0
5716,0,0.0,3.0,0,C,0
5717,1,0.4714045207910317,3.6666666666666665,0,C,0
5718,0,0.0,5.0,0,C,0
5719,0,0.0,4.0,0,C,0
5720,3,0.816496580927726,3.0,0,R,1
5721,3,0.0,7.0,0,R,1
5722,1,0.0,4.0,0,C,0
5723,1,0.0,5.0,0,C,0
5724,0,0.0,5.0,0,C,0
5725,1,0.0,4.0,0,C,0
5726,2,0.4714045207910317,6.666666666666667,0,R,1
5727,0,0.0,5.0,0,C,0
5728,1,0.0,4.0,0,C,0
5729,0,0.4714045207910317,5.333333333333333,0,C,0
5730,1,0.4714045207910317,4.666666666666667,0,C,0
5731,1,0.0,7.0,0,C,0
5732,1,0.4714045207910317,3.6666666666666665,0,C,0
5733,0,0.4714045207910317,3.6666666666666665,0,C,0
5734,0,0.4714045207910317,4.333333333333333,0,C,0
5735,0,0.4714045207910317,3.6666666666666665,0,C,0
5736,1,0.4714045207910317,4.333333333333333,0,C,0
5737,3,0.816496580927726,4.0,0,R,1
5738,1,0.0,6.0,0,C,0
5739,3,0.4714045207910317,8.333333333333334,0,R,1
5740,1,0.0,3.0,0,C,0
5741,1,0.4714045207910317,3.6666666666666665,0,C,0
5742,1,0.4714045207910317,5.666666666666667,0,C,0
5743,1,0.4714045207910317,2.6666666666666665,0,C,0
5744,1,0.4714045207910317,3.6666666666666665,0,C,0
5746,3,0.4714045207910317,4.666666666666667,0,R,1
5747,0,0.4714045207910317,4.666666666666667,0,C,0
5748,0,0.4714045207910317,4.666666666666667,0,C,0
5749,0,0.0,4.0,0,C,0
5750,1,0.4714045207910317,4.666666666666667,0,C,0
5751,2,0.4714045207910317,3.333333333333333,0,R,1
5752,0,0.0,5.0,0,C,0
5753,0,0.0,3.0,0,C,0
5754,2,0.4714045207910317,6.333333333333333,0,R,1
5755,0,0.0,6.0,0,C,0
5756,0,0.0,4.0,0,C,0
5757,1,0.4714045207910317,5.666666666666667,0,C,0
5758,1,0.0,4.0,0,C,0
5759,1,0.4714045207910317,4.333333333333333,0,C,0
5760,1,0.0,7.0,0,C,0
5761,2,0.4714045207910317,5.333333333333333,0,R,1
5762,2,0.4714045207910317,5.666666666666667,0,R,1
5763,1,0.4714045207910317,5.666666666666667,0,C,0
5764,2,0.4714045207910317,3.6666666666666665,0,R,1
5765,1,0.4714045207910317,2.6666666666666665,0,C,0
5766,2,0.0,4.0,0,R,1
5767,0,0.0,4.0,0,C,0
5768,1,0.0,3.0,0,C,0
5769,2,0.0,6.0,0,R,1
5770,1,0.4714045207910317,4.666666666666667,0,C,0
5771,3,0.4714045207910317,4.666666666666667,0,R,1
5772,2,0.0,4.0,0,R,1
5773,0,0.0,6.0,0,C,0
5774,2,0.4714045207910317,3.333333333333333,0,R,1
5775,3,0.0,5.0,0,R,1
5776,2,0.4714045207910317,5.333333333333333,0,R,1
5777,3,0.4714045207910317,8.333333333333334,0,R,1
5778,1,0.0,4.0,0,C,0
5779,1,0.4714045207910317,4.666666666666667,0,C,0
5780,2,0.0,3.0,0,R,1
5781,1,0.0,4.0,0,C,0
5782,1,0.9428090415820634,1.6666666666666667,0,C,1
5783,2,0.0,6.0,0,R,1
5784,0,0.4714045207910317,3.6666666666666665,0,C,0
5785,1,0.4714045207910317,2.333333333333333,0,C,0
5786,2,0.816496580927726,4.0,0,R,1
5787,0,0.4714045207910317,4.333333333333333,0,C,0
5788,0,0.4714045207910317,4.333333333333333,0,C,0
5789,2,0.0,5.0,0,R,1
5790,1,0.4714045207910317,7.666666666666667,0,C,0
5791,2,0.4714045207910317,3.6666666666666665,0,R,1
5792,2,0.9428090415820634,6.333333333333333,0,R,1
5793,1,0.4714045207910317,2.333333333333333,0,C,0
5794,0,0.0,4.0,0,C,0
5795,2,0.4714045207910317,5.333333333333333,0,R,1
5796,1,0.4714045207910317,3.333333333333333,0,C,0
5797,2,0.4714045207910317,5.666666666666667,0,R,1
5798,1,0.0,4.0,0,C,0
5799,2,0.4714045207910317,2.6666666666666665,0,R,1
5800,0,0.4714045207910317,2.333333333333333,0,C,0
5801,0,0.4714045207910317,4.333333333333333,0,C,0
5802,0,0.0,4.0,0,C,0
5803,1,1.4142135623730951,5.0,0,C,1
5804,0,0.4714045207910317,4.666666666666667,0,C,0
5805,1,0.0,5.0,0,C,0
5806,2,0.4714045207910317,5.333333333333333,0,R,1
5807,0,0.4714045207910317,4.333333333333333,0,C,0
5808,1,0.0,3.0,0,C,0
5809,2,0.4714045207910317,4.666666666666667,0,R,1
5810,1,0.0,5.0,0,C,0
5811,0,0.4714045207910317,5.666666666666667,0,C,0
5812,2,0.4714045207910317,4.333333333333333,0,R,1
5813,0,0.4714045207910317,5.333333333333333,0,C,0
5814,1,0.4714045207910317,3.333333333333333,0,C,0
5815,1,0.4714045207910317,6.666666666666667,0,C,0
5816,0,0.0,3.0,0,C,0
5817,3,0.816496580927726,7.0,0,R,1
5818,1,0.4714045207910317,5.333333333333333,0,C,0
5819,3,0.816496580927726,5.0,0,R,1
5820,2,1.4142135623730951,5.0,0,R,1
5821,0,0.0,4.0,0,C,0
5822,0,0.0,5.0,0,C,0
5823,1,0.9428090415820634,6.333333333333333,0,C,1
5824,2,0.4714045207910317,5.333333333333333,0,R,1
5825,0,0.4714045207910317,3.333333333333333,0,C,0
5826,3,1.4142135623730951,7.0,0,R,1
5827,2,0.0,6.0,0,R,1
5828,0,0.4714045207910317,4.666666666666667,0,C,0
5829,0,0.4714045207910317,5.666666666666667,0,C,0
5830,1,0.4714045207910317,2.6666666666666665,0,C,0
5831,2,0.4714045207910317,2.333333333333333,0,R,1
5832,0,0.816496580927726,4.0,0,C,1
5833,2,0.0,6.0,0,R,1
5834,0,0.4714045207910317,6.333333333333333,0,C,0
5835,0,0.0,4.0,0,C,0
5836,1,0.816496580927726,3.0,0,C,1
5837,2,0.4714045207910317,3.6666666666666665,0,R,1
5838,2,0.816496580927726,5.0,0,R,1
5839,0,0.0,4.0,0,C,0
5840,1,0.9428090415820634,4.333333333333333,0,C,1
5841,1,0.4714045207910317,4.333333333333333,0,C,0
5842,2,0.0,3.0,0,R,1
5843,0,0.0,6.0,0,C,0
5844,1,0.0,5.0,0,C,0
5845,1,0.0,7.0,0,C,0
5846,3,1.247219128924647,6.666666666666667,0,R,1
5847,1,1.8856180831641267,3.6666666666666665,0,C,1
5848,0,0.4714045207910317,5.666666666666667,0,C,0
5849,1,0.0,6.0,0,C,0
5850,1,0.0,5.0,0,C,0
5851,2,0.0,3.0,0,R,1
5852,1,0.4714045207910317,4.666666666666667,0,C,0
5853,0,0.0,5.0,0,C,0
5854,3,0.4714045207910317,6.333333333333333,0,R,1
5855,3,0.4714045207910317,8.333333333333334,0,R,1
5856,0,0.0,4.0,0,C,0
5857,0,0.4714045207910317,6.666666666666667,0,C,0
5858,2,0.4714045207910317,1.6666666666666667,0,R,1
5859,1,0.4714045207910317,3.6666666666666665,0,C,0
5860,0,0.4714045207910317,4.333333333333333,0,C,0
5861,0,0.0,5.0,0,C,0
5862,1,0.0,4.0,0,C,0
5863,1,0.0,5.0,0,C,0
5864,0,0.0,5.0,0,C,0
5865,3,0.4714045207910317,7.666666666666667,0,R,1
5866,2,0.0,4.0,0,R,1
5867,0,0.4714045207910317,2.6666666666666665,0,C,0
5868,1,0.0,3.0,0,C,0
5869,3,0.9428090415820634,6.333333333333333,0,R,1
5870,1,0.4714045207910317,5.666666666666667,0,C,0
5871,0,0.0,4.0,0,C,0
5872,0,0.0,7.0,0,C,0
5873,0,0.0,4.0,0,C,0
5874,2,0.0,3.0,0,R,1
5875,1,0.4714045207910317,3.333333333333333,0,C,0
5876,3,0.0,8.0,0,R,1
5877,2,0.0,6.0,0,R,1
5878,0,0.0,6.0,0,C,0
5879,0,0.0,5.0,0,C,0
5880,0,0.4714045207910317,5.333333333333333,0,C,0
5881,0,0.4714045207910317,4.666666666666667,0,C,0
5882,2,0.0,4.0,0,R,1
5883,0,0.4714045207910317,3.333333333333333,0,C,0
5884,0,0.4714045207910317,2.333333333333333,0,C,0
5885,1,0.0,6.0,0,C,0
5886,2,0.0,8.0,0,R,1
5887,0,0.0,4.0,0,C,0
5888,2,0.4714045207910317,5.333333333333333,0,R,1
5889,0,0.4714045207910317,4.666666666666667,0,C,0
5890,1,0.4714045207910317,5.666666666666667,0,C,0
5891,3,0.0,6.0,0,R,1
5892,2,0.4714045207910317,3.6666666666666665,0,R,1
5893,0,0.4714045207910317,5.333333333333333,0,C,0
5894,0,0.4714045207910317,3.6666666666666665,0,C,0
5895,1,0.0,3.0,0,C,0
5896,1,0.4714045207910317,6.333333333333333,0,C,0
5897,0,0.4714045207910317,3.6666666666666665,0,C,0
5898,0,0.4714045207910317,4.333333333333333,0,C,0
5899,0,0.0,3.0,0,C,0
5900,1,0.4714045207910317,5.666666666666667,0,C,0
5901,1,0.0,3.0,0,C,0
5902,2,0.0,4.0,0,R,1
5903,1,0.4714045207910317,2.333333333333333,0,C,0
5904,1,0.0,7.0,0,C,0
5905,0,0.4714045207910317,2.6666666666666665,0,C,0
5906,1,0.816496580927726,5.0,0,C,1
5907,0,0.0,4.0,0,C,0
5908,1,0.4714045207910317,4.333333333333333,0,C,0
5909,2,0.4714045207910317,5.333333333333333,0,R,1
5910,1,0.4714045207910317,4.333333333333333,0,C,0
5911,0,0.4714045207910317,4.666666666666667,0,C,0
5912,0,0.4714045207910317,5.333333333333333,0,C,0
5913,0,0.4714045207910317,4.333333333333333,0,C,0
5914,0,0.0,5.0,0,C,0
5915,1,0.816496580927726,5.0,0,C,1
5916,0,0.0,4.0,0,C,0
5917,0,0.816496580927726,2.0,0,C,1
5918,0,0.4714045207910317,4.333333333333333,0,C,0
5919,2,0.4714045207910317,2.333333333333333,0,R,1
5920,1,0.4714045207910317,5.333333333333333,0,C,0
5921,0,0.816496580927726,6.0,0,C,1
5922,1,0.0,5.0,0,C,0
5923,2,0.4714045207910317,5.333333333333333,0,R,1
5924,1,0.4714045207910317,2.6666666666666665,0,C,0
5925,3,0.816496580927726,5.0,0,R,1
5926,2,0.4714045207910317,3.6666666666666665,0,R,1
5927,2,0.0,3.0,0,R,1
5928,1,0.4714045207910317,3.333333333333333,0,C,0
5929,0,0.4714045207910317,3.6666666666666665,0,C,0
5930,3,0.4714045207910317,6.666666666666667,0,R,1
5931,0,0.0,5.0,0,C,0
5932,2,0.4714045207910317,5.333333333333333,0,R,1
5933,2,0.9428090415820634,6.333333333333333,0,R,1
5934,0,0.0,5.0,0,C,0
5935,0,0.4714045207910317,4.666666666666667,0,C,0
5936,0,0.4714045207910317,6.666666666666667,0,C,0
5937,2,0.4714045207910317,2.333333333333333,0,R,1
5938,1,0.4714045207910317,3.333333333333333,0,C,0
5939,0,0.4714045207910317,4.666666666666667,0,C,0
5940,1,0.4714045207910317,3.333333333333333,0,C,0
5941,1,0.4714045207910317,4.333333333333333,0,C,0
5942,0,0.4714045207910317,4.333333333333333,0,C,0
5943,0,0.0,5.0,0,C,0
5944,3,0.816496580927726,7.0,0,R,1
5945,1,0.4714045207910317,4.333333333333333,0,C,0
5946,3,0.816496580927726,4.0,0,R,1
5947,0,0.0,6.0,0,C,0
5948,1,0.0,4.0,0,C,0
5949,1,0.4714045207910317,5.333333333333333,0,C,0
5950,2,0.4714045207910317,2.333333333333333,0,R,1
5951,1,0.0,3.0,0,C,0
5952,1,0.4714045207910317,2.6666666666666665,0,C,0
5953,1,0.4714045207910317,1.3333333333333333,0,C,0
5954,0,0.4714045207910317,4.333333333333333,0,C,0
5955,1,0.4714045207910317,3.333333333333333,0,C,0
5956,1,0.4714045207910317,4.333333333333333,0,C,0
5957,1,0.0,5.0,0,C,0
5958,1,0.4714045207910317,1.6666666666666667,0,C,0
5959,3,0.816496580927726,2.0,0,R,1
5960,0,0.4714045207910317,5.333333333333333,0,C,0
5961,0,0.4714045207910317,3.6666666666666665,0,C,0
5962,0,0.0,4.0,0,C,0
5963,1,0.4714045207910317,3.333333333333333,0,C,0
5964,1,0.0,3.0,0,C,0
5965,1,0.0,7.0,0,C,0
5966,0,0.4714045207910317,4.333333333333333,0,C,0
5967,3,0.816496580927726,6.0,0,R,1
5968,0,0.4714045207910317,3.333333333333333,0,C,0
5969,2,0.4714045207910317,5.666666666666667,0,R,1
5970,2,0.0,3.0,0,R,1
5971,0,0.0,4.0,0,C,0
5972,0,0.0,4.0,0,C,0
5973,0,0.4714045207910317,6.333333333333333,0,C,0
5974,2,0.4714045207910317,4.333333333333333,0,R,1
5975,1,0.4714045207910317,2.6666666666666665,0,C,0
5976,2,0.816496580927726,5.0,0,R,1
5977,2,0.9428090415820634,5.333333333333333,0,R,1
5978,1,0.4714045207910317,3.6666666666666665,0,C,0
5979,1,0.4714045207910317,5.666666666666667,0,C,0
5980,2,0.4714045207910317,7.333333333333333,0,R,1
5981,3,0.0,8.0,0,R,1
5982,0,0.0,3.0,0,C,0
5983,2,0.9428090415820634,4.333333333333333,0,R,1
5984,3,0.4714045207910317,8.333333333333334,0,R,1
5985,3,0.4714045207910317,6.666666666666667,0,R,1
5986,1,0.0,7.0,0,C,0
5987,1,0.816496580927726,3.0,0,C,1
5988,0,0.0,4.0,0,C,0
5989,0,0.4714045207910317,3.6666666666666665,0,C,0
5990,1,0.4714045207910317,5.333333333333333,0,C,0
5991,1,0.816496580927726,4.0,0,C,1
5992,0,0.4714045207910317,3.333333333333333,0,C,0
5993,1,0.4714045207910317,3.333333333333333,0,C,0
5994,1,0.4714045207910317,5.666666666666667,0,C,0
5995,0,0.0,3.0,0,C,0
5996,2,0.4714045207910317,3.333333333333333,0,R,1
5997,1,0.0,3.0,0,C,0
5998,0,0.4714045207910317,4.333333333333333,0,C,0
5999,1,0.4714045207910317,4.666666666666667,0,C,0
6000,1,0.816496580927726,4.0,0,C,1
6001,1,0.0,6.0,0,C,0
6002,2,0.816496580927726,8.0,0,R,1
6003,2,0.4714045207910317,5.333333333333333,0,R,1
6004,2,0.4714045207910317,4.333333333333333,0,R,1
6005,2,0.816496580927726,5.0,0,R,1
6006,2,0.0,5.0,0,R,1
6007,0,0.4714045207910317,5.333333333333333,0,C,0
6008,1,0.0,3.0,0,C,0
6009,2,0.0,5.0,0,R,1
6010,0,0.4714045207910317,3.6666666666666665,0,C,0
6011,0,0.4714045207910317,5.333333333333333,0,C,0
6012,1,0.4714045207910317,2.6666666666666665,0,C,0
6013,1,0.0,5.0,0,C,0
6014,0,0.4714045207910317,3.333333333333333,0,C,0
6015,2,0.0,8.0,0,R,1
6016,1,0.4714045207910317,4.666666666666667,0,C,0
6017,1,0.4714045207910317,6.333333333333333,0,C,0
6018,0,0.0,4.0,0,C,0
6019,0,0.0,5.0,0,C,0
6020,0,0.4714045207910317,4.333333333333333,0,C,0
6021,1,0.4714045207910317,4.333333333333333,0,C,0
6022,0,0.4714045207910317,3.6666666666666665,0,C,0
6023,0,0.4714045207910317,4.666666666666667,0,C,0
6024,2,0.0,5.0,0,R,1
6025,2,0.0,4.0,0,R,1
6026,2,0.816496580927726,2.0,0,R,1
6027,2,0.4714045207910317,6.666666666666667,0,R,1
6028,1,0.0,5.0,0,C,0
6029,0,0.4714045207910317,2.333333333333333,0,C,0
6030,1,0.4714045207910317,3.333333333333333,0,C,0
6031,2,0.0,5.0,0,R,1
6032,1,0.816496580927726,3.0,0,C,1
6033,1,0.4714045207910317,4.333333333333333,0,C,0
6034,1,0.4714045207910317,4.666666666666667,0,C,0
6035,1,0.0,5.0,0,C,0
6036,2,0.0,6.0,0,R,1
6037,0,0.0,4.0,0,C,0
6038,0,0.4714045207910317,4.333333333333333,0,C,0
6039,2,0.0,4.0,0,R,1
6040,3,0.4714045207910317,7.333333333333333,0,R,1
6041,0,0.0,3.0,0,C,0
6042,2,0.0,7.0,0,R,1
6043,0,0.4714045207910317,5.333333333333333,0,C,0
6044,1,0.4714045207910317,5.666666666666667,0,C,0
6045,1,0.4714045207910317,3.6666666666666665,0,C,0
6046,0,0.4714045207910317,1.6666666666666667,0,C,0
6047,1,0.816496580927726,5.0,0,C,1
6048,3,0.0,3.0,0,R,1
6049,0,0.4714045207910317,5.666666666666667,0,C,0
6050,2,0.4714045207910317,5.333333333333333,0,R,1
6051,2,0.4714045207910317,7.333333333333333,0,R,1
6052,1,0.0,5.0,0,C,0
6053,1,0.0,7.0,0,C,0
6054,1,0.4714045207910317,5.333333333333333,0,C,0
6055,1,0.4714045207910317,6.666666666666667,0,C,0
6056,2,0.0,2.0,0,R,1
6057,1,0.0,5.0,0,C,0
6058,1,0.4714045207910317,2.333333333333333,0,C,0
6059,1,0.4714045207910317,5.666666666666667,0,C,0
6060,0,0.4714045207910317,4.333333333333333,0,C,0
6061,0,0.4714045207910317,4.333333333333333,0,C,0
6062,1,0.4714045207910317,4.666666666666667,0,C,0
6063,0,0.4714045207910317,4.333333333333333,0,C,0
6064,2,0.0,3.0,0,R,1
6065,0,0.0,6.0,0,C,0
6067,0,0.4714045207910317,6.333333333333333,0,C,0
6068,0,0.0,6.0,0,C,0
6069,0,0.4714045207910317,4.666666666666667,0,C,0
6070,3,0.0,3.0,0,R,1
6071,3,0.816496580927726,5.0,0,R,1
6072,1,0.4714045207910317,3.6666666666666665,0,C,0
6073,2,0.0,2.0,0,R,1
6074,1,0.816496580927726,4.0,0,C,1
6075,0,0.0,4.0,0,C,0
6076,2,0.0,5.0,0,R,1
6077,0,0.4714045207910317,2.333333333333333,0,C,0
6078,1,0.0,4.0,0,C,0
6079,1,0.9428090415820634,5.666666666666667,0,C,1
6080,0,0.4714045207910317,3.333333333333333,0,C,0
6081,0,0.4714045207910317,3.6666666666666665,0,C,0
6082,0,0.4714045207910317,5.333333333333333,0,C,0
6083,0,0.4714045207910317,4.333333333333333,0,C,0
6084,0,0.4714045207910317,3.6666666666666665,0,C,0
6085,1,0.0,4.0,0,C,0
6086,1,0.4714045207910317,5.666666666666667,0,C,0
6087,0,0.4714045207910317,4.666666666666667,0,C,0
6088,1,0.4714045207910317,3.333333333333333,0,C,0
6089,3,1.247219128924647,7.666666666666667,0,R,1
6090,1,0.4714045207910317,4.333333333333333,0,C,0
6091,2,0.816496580927726,7.0,0,R,1
6092,2,0.4714045207910317,5.666666666666667,0,R,1
6093,2,0.0,4.0,0,R,1
6094,0,0.4714045207910317,4.666666666666667,0,C,0
6095,0,0.0,4.0,0,C,0
6096,0,0.4714045207910317,3.333333333333333,0,C,0
6097,0,0.4714045207910317,3.6666666666666665,0,C,0
6098,0,0.0,4.0,0,C,0
6099,2,0.4714045207910317,5.666666666666667,0,R,1
6100,2,0.9428090415820634,6.333333333333333,0,R,1
6101,1,0.4714045207910317,3.333333333333333,0,C,0
6102,0,0.0,4.0,0,C,0
6103,1,0.0,6.0,0,C,0
6104,0,0.4714045207910317,4.333333333333333,0,C,0
6105,2,0.0,7.0,0,R,1
6106,2,0.4714045207910317,4.333333333333333,0,R,1
6107,0,0.4714045207910317,3.333333333333333,0,C,0
6108,2,0.816496580927726,4.0,0,R,1
6109,0,0.4714045207910317,3.333333333333333,0,C,0
6110,1,0.4714045207910317,2.333333333333333,0,C,0
6111,3,0.4714045207910317,8.333333333333334,0,R,1
6112,0,0.0,4.0,0,C,0
6113,0,0.4714045207910317,4.333333333333333,0,C,0
6114,2,0.4714045207910317,1.3333333333333333,0,R,1
6115,3,0.4714045207910317,4.666666666666667,0,R,1
6116,2,0.4714045207910317,4.333333333333333,0,R,1
6117,1,0.4714045207910317,2.333333333333333,0,C,0
6118,1,0.0,6.0,0,C,0
6119,0,0.4714045207910317,4.333333333333333,0,C,0
6120,3,0.0,5.0,0,R,1
6121,2,0.0,6.0,0,R,1
6122,1,0.9428090415820634,4.333333333333333,0,C,1
6123,1,0.4714045207910317,3.333333333333333,0,C,0
6124,1,0.0,6.0,0,C,0
6125,2,0.4714045207910317,4.666666666666667,0,R,1
6126,0,0.0,6.0,0,C,0
6127,0,0.0,5.0,0,C,0
6128,2,0.4714045207910317,6.666666666666667,0,R,1
6129,2,0.0,7.0,0,R,1
6130,1,0.0,6.0,0,C,0
6131,1,0.4714045207910317,3.6666666666666665,0,C,0
6132,0,0.4714045207910317,3.333333333333333,0,C,0
6133,2,1.4142135623730951,8.0,0,R,1
6134,0,0.0,5.0,0,C,0
6135,0,1.4142135623730951,6.0,0,C,1
6136,0,0.4714045207910317,3.6666666666666665,0,C,0
6137,1,0.4714045207910317,3.6666666666666665,0,C,0
6138,0,0.4714045207910317,3.6666666666666665,0,C,0
6139,0,0.0,5.0,0,C,0
6140,0,0.4714045207910317,2.6666666666666665,0,C,0
6141,0,0.4714045207910317,6.666666666666667,0,C,0
6142,1,0.4714045207910317,5.333333333333333,0,C,0
6143,0,0.4714045207910317,4.333333333333333,0,C,0
6144,3,0.4714045207910317,6.666666666666667,0,R,1
6145,0,0.0,5.0,0,C,0
6146,1,0.4714045207910317,1.6666666666666667,0,C,0
6147,1,0.4714045207910317,3.333333333333333,0,C,0
6148,0,0.4714045207910317,5.666666666666667,0,C,0
6149,2,0.4714045207910317,4.666666666666667,0,R,1
6150,1,0.4714045207910317,3.333333333333333,0,C,0
6151,2,0.4714045207910317,6.333333333333333,0,R,1
6152,0,0.0,5.0,0,C,0
6153,0,0.0,4.0,0,C,0
6154,0,0.4714045207910317,4.333333333333333,0,C,0
6155,1,0.4714045207910317,5.666666666666667,0,C,0
6156,2,0.4714045207910317,3.6666666666666665,0,R,1
6157,0,0.4714045207910317,4.666666666666667,0,C,0
6158,2,0.4714045207910317,6.666666666666667,0,R,1
6159,0,0.4714045207910317,5.333333333333333,0,C,0
6160,0,0.9428090415820634,3.333333333333333,0,C,1
6161,1,0.9428090415820634,2.6666666666666665,0,C,1
6162,0,0.0,4.0,0,C,0
6163,2,0.9428090415820634,5.333333333333333,0,R,1
6164,1,0.4714045207910317,4.666666666666667,0,C,0
6165,1,0.4714045207910317,4.333333333333333,0,C,0
6166,0,0.4714045207910317,5.666666666666667,0,C,0
6167,0,0.4714045207910317,2.333333333333333,0,C,0
6168,0,0.9428090415820634,3.6666666666666665,0,C,1
6169,0,0.0,5.0,0,C,0
6170,1,0.816496580927726,6.0,0,C,1
6171,2,0.4714045207910317,4.666666666666667,0,R,1
6172,0,0.4714045207910317,6.666666666666667,0,C,0
6173,1,0.4714045207910317,4.333333333333333,0,C,0
6174,0,0.0,6.0,0,C,0
6175,0,0.0,4.0,0,C,0
6176,1,0.0,3.0,0,C,0
6177,3,0.4714045207910317,5.333333333333333,0,R,1
6178,2,0.4714045207910317,5.333333333333333,0,R,1
6179,2,0.4714045207910317,3.333333333333333,0,R,1
6180,1,0.0,6.0,0,C,0
6181,0,0.4714045207910317,3.6666666666666665,0,C,0
6182,0,0.4714045207910317,4.333333333333333,0,C,0
6183,2,0.0,2.0,0,R,1
6184,0,0.0,5.0,0,C,0
6185,0,0.4714045207910317,3.6666666666666665,0,C,0
6186,0,0.4714045207910317,4.666666666666667,0,C,0
6187,0,0.0,4.0,0,C,0
6188,2,0.4714045207910317,2.333333333333333,0,R,1
6189,2,0.816496580927726,3.0,0,R,1
6190,3,0.0,2.0,0,R,1
6191,1,0.4714045207910317,3.6666666666666665,0,C,0
6192,2,0.4714045207910317,5.333333333333333,0,R,1
6193,1,0.4714045207910317,6.666666666666667,0,C,0
6194,1,0.4714045207910317,4.333333333333333,0,C,0
6195,1,0.0,6.0,0,C,0
6196,0,0.4714045207910317,5.333333333333333,0,C,0
6197,0,0.4714045207910317,5.333333333333333,0,C,0
6198,1,0.816496580927726,4.0,0,C,1
6199,1,0.4714045207910317,2.333333333333333,0,C,0
6200,1,0.4714045207910317,4.666666666666667,0,C,0
6201,2,0.816496580927726,6.0,0,R,1
6202,3,1.247219128924647,3.6666666666666665,0,R,1
6203,1,0.0,4.0,0,C,0
6204,1,0.4714045207910317,3.333333333333333,0,C,0
6205,1,0.0,4.0,0,C,0
6206,2,0.4714045207910317,2.333333333333333,0,R,1
6207,2,0.0,4.0,0,R,1
6208,2,0.4714045207910317,5.666666666666667,0,R,1
6209,3,0.4714045207910317,4.666666666666667,0,R,1
6210,0,0.4714045207910317,3.333333333333333,0,C,0
6211,2,0.4714045207910317,5.333333333333333,0,R,1
6212,3,0.0,6.0,0,R,1
6213,2,0.4714045207910317,5.333333333333333,0,R,1
6214,2,0.0,3.0,0,R,1
6215,0,0.4714045207910317,2.6666666666666665,0,C,0
6216,1,0.0,4.0,0,C,0
6217,1,0.816496580927726,5.0,0,C,1
6218,1,1.247219128924647,4.666666666666667,0,C,1
6219,0,0.9428090415820634,3.333333333333333,0,C,1
6220,0,0.0,4.0,0,C,0
6221,3,0.0,7.0,0,R,1
6222,0,0.0,5.0,0,C,0
6223,1,0.0,0.0,0,C,0
6224,0,0.4714045207910317,6.666666666666667,0,C,0
6225,0,0.816496580927726,4.0,0,C,1
6226,0,0.0,3.0,0,C,0
6227,1,0.4714045207910317,5.333333333333333,0,C,0
6228,1,0.4714045207910317,5.333333333333333,0,C,0
6229,2,0.9428090415820634,3.333333333333333,0,R,1
6230,0,0.0,5.0,0,C,0
6231,0,0.0,4.0,0,C,0
6232,0,0.4714045207910317,4.333333333333333,0,C,0
6233,0,0.0,5.0,0,C,0
6234,1,0.4714045207910317,3.6666666666666665,0,C,0
6235,1,0.0,7.0,0,C,0
6236,1,0.4714045207910317,2.6666666666666665,0,C,0
6237,0,0.0,6.0,0,C,0
6238,1,0.816496580927726,4.0,0,C,1
6239,1,0.4714045207910317,3.6666666666666665,0,C,0
6240,1,0.4714045207910317,4.666666666666667,0,C,0
6241,1,0.4714045207910317,5.666666666666667,0,C,0
6242,2,0.4714045207910317,3.333333333333333,0,R,1
6243,1,0.0,5.0,0,C,0
6244,0,0.4714045207910317,6.666666666666667,0,C,0
6245,2,0.9428090415820634,4.666666666666667,0,R,1
6246,1,0.0,4.0,0,C,0
6247,2,0.4714045207910317,3.333333333333333,0,R,1
6248,1,0.4714045207910317,4.666666666666667,0,C,0
6249,2,0.0,6.0,0,R,1
6250,0,0.4714045207910317,4.333333333333333,0,C,0
6251,1,0.0,3.0,0,C,0
6252,0,0.4714045207910317,4.666666666666667,0,C,0
6253,2,0.0,4.0,0,R,1
6254,0,0.4714045207910317,6.666666666666667,0,C,0
6255,0,0.0,5.0,0,C,0
6256,0,0.4714045207910317,3.333333333333333,0,C,0
6257,0,0.4714045207910317,4.333333333333333,0,C,0
6258,1,0.4714045207910317,5.666666666666667,0,C,0
6259,0,0.4714045207910317,4.333333333333333,0,C,0
6260,1,0.4714045207910317,6.333333333333333,0,C,0
6261,0,0.0,5.0,0,C,0
6262,1,0.4714045207910317,4.333333333333333,0,C,0
6263,1,0.0,5.0,0,C,0
6264,1,0.4714045207910317,2.333333333333333,0,C,0
6265,1,0.0,3.0,0,C,0
6266,1,0.4714045207910317,4.666666666666667,0,C,0
6267,1,0.4714045207910317,2.333333333333333,0,C,0
6268,0,0.0,4.0,0,C,0
6269,0,0.0,6.0,0,C,0
6270,1,0.4714045207910317,3.6666666666666665,0,C,0
6271,2,0.0,4.0,0,R,1
6272,0,0.4714045207910317,3.6666666666666665,0,C,0
6273,1,0.0,4.0,0,C,0
6274,1,0.0,5.0,0,C,0
6275,0,0.0,6.0,0,C,0
6276,2,0.816496580927726,6.0,0,R,1
6277,3,0.4714045207910317,2.6666666666666665,0,R,1
6278,0,0.4714045207910317,3.6666666666666665,0,C,0
6279,1,0.816496580927726,3.0,0,C,1
6280,1,0.4714045207910317,4.666666666666667,0,C,0
6281,0,0.0,5.0,0,C,0
6282,2,0.4714045207910317,7.333333333333333,0,R,1
6283,2,0.0,5.0,0,R,1
6284,1,0.4714045207910317,5.333333333333333,0,C,0
6285,1,0.0,3.0,0,C,0
6286,2,0.0,6.0,0,R,1
6287,0,0.0,4.0,0,C,0
6288,2,0.0,6.0,0,R,1
6289,1,0.4714045207910317,6.666666666666667,0,C,0
6290,2,0.4714045207910317,5.333333333333333,0,R,1
6291,1,0.4714045207910317,6.666666666666667,0,C,0
6292,0,0.4714045207910317,4.666666666666667,0,C,0
6293,2,0.0,4.0,0,R,1
6294,0,0.4714045207910317,2.6666666666666665,0,C,0
6295,0,0.0,6.0,0,C,0
6296,1,0.4714045207910317,2.6666666666666665,0,C,0
6297,0,0.0,4.0,0,C,0
6298,2,0.9428090415820634,2.333333333333333,0,R,1
6299,1,0.4714045207910317,6.666666666666667,0,C,0
6300,2,0.4714045207910317,4.666666666666667,0,R,1
6301,3,0.816496580927726,4.0,0,R,1
6302,1,0.0,3.0,0,C,0
6303,0,0.816496580927726,5.0,0,C,1
6304,1,0.4714045207910317,2.6666666666666665,0,C,0
6305,1,0.9428090415820634,3.333333333333333,0,C,1
6306,1,0.4714045207910317,1.6666666666666667,0,C,0
6307,1,0.816496580927726,6.0,0,C,1
6308,2,0.4714045207910317,7.666666666666667,0,R,1
6309,0,0.4714045207910317,4.666666666666667,0,C,0
6310,2,0.0,7.0,0,R,1
6311,1,0.4714045207910317,4.333333333333333,0,C,0
6312,1,0.0,5.0,0,C,0
6313,0,0.4714045207910317,4.333333333333333,0,C,0
6314,1,0.0,5.0,0,C,0
6315,2,0.4714045207910317,6.333333333333333,0,R,1
6316,1,0.4714045207910317,5.333333333333333,0,C,0
6317,0,0.4714045207910317,2.6666666666666665,0,C,0
6318,1,0.9428090415820634,4.333333333333333,0,C,1
6319,2,0.4714045207910317,5.333333333333333,0,R,1
6320,0,0.0,5.0,0,C,0
6321,1,0.4714045207910317,3.333333333333333,0,C,0
6322,0,0.0,5.0,0,C,0
6323,0,0.4714045207910317,5.333333333333333,0,C,0
6324,2,0.4714045207910317,6.666666666666667,0,R,1
6325,1,0.4714045207910317,5.666666666666667,0,C,0
6326,0,0.0,4.0,0,C,0
6327,0,0.4714045207910317,4.666666666666667,0,C,0
6328,1,0.0,4.0,0,C,0
6329,0,0.4714045207910317,4.333333333333333,0,C,0
6330,2,0.4714045207910317,1.6666666666666667,0,R,1
6331,0,0.0,2.0,0,C,0
6332,0,0.4714045207910317,2.6666666666666665,0,C,0
6333,0,0.0,4.0,0,C,0
6334,1,0.0,5.0,0,C,0
6335,0,0.0,4.0,0,C,0
6336,1,0.4714045207910317,5.333333333333333,0,C,0
6337,0,0.4714045207910317,4.333333333333333,0,C,0
6338,2,0.4714045207910317,3.6666666666666665,0,R,1
6339,2,0.4714045207910317,5.333333333333333,0,R,1
6340,1,0.4714045207910317,4.666666666666667,0,C,0
6341,1,0.4714045207910317,4.333333333333333,0,C,0
6342,1,0.4714045207910317,3.333333333333333,0,C,0
6343,1,0.4714045207910317,4.666666666666667,0,C,0
6344,2,0.4714045207910317,3.6666666666666665,0,R,1
6345,2,0.0,4.0,0,R,1
6346,1,0.4714045207910317,5.333333333333333,0,C,0
6347,1,0.4714045207910317,2.333333333333333,0,C,0
6348,2,0.9428090415820634,4.666666666666667,0,R,1
6349,3,0.4714045207910317,7.666666666666667,0,R,1
6350,0,0.816496580927726,4.0,0,C,1
6351,2,0.4714045207910317,1.6666666666666667,0,R,1
6352,2,0.816496580927726,4.0,0,R,1
6353,1,0.4714045207910317,4.333333333333333,0,C,0
6354,0,0.4714045207910317,2.6666666666666665,0,C,0
6355,0,0.4714045207910317,2.333333333333333,0,C,0
6356,1,0.4714045207910317,6.666666666666667,0,C,0
6357,0,0.0,5.0,0,C,0
6358,2,0.4714045207910317,5.333333333333333,0,R,1
6359,0,0.4714045207910317,4.333333333333333,0,C,0
6360,2,0.4714045207910317,5.333333333333333,0,R,1
6361,1,0.4714045207910317,2.333333333333333,0,C,0
6362,1,0.4714045207910317,4.333333333333333,0,C,0
6363,3,0.4714045207910317,2.6666666666666665,0,R,1
6364,1,0.816496580927726,4.0,0,C,1
6365,0,0.4714045207910317,5.666666666666667,0,C,0
6366,3,0.9428090415820634,6.666666666666667,0,R,1
6367,0,0.4714045207910317,6.333333333333333,0,C,0
6368,1,0.816496580927726,2.0,0,C,1
6369,0,0.4714045207910317,2.6666666666666665,0,C,0
6370,1,0.4714045207910317,3.333333333333333,0,C,0
6371,3,0.9428090415820634,5.333333333333333,0,R,1
6372,0,0.0,5.0,0,C,0
6373,0,0.4714045207910317,3.333333333333333,0,C,0
6374,0,0.0,5.0,0,C,0
6375,0,0.4714045207910317,3.6666666666666665,0,C,0
6376,0,0.0,5.0,0,C,0
6377,0,0.4714045207910317,4.333333333333333,0,C,0
6378,0,0.0,3.0,0,C,0
6379,1,0.4714045207910317,4.333333333333333,0,C,0
6380,1,0.4714045207910317,4.666666666666667,0,C,0
6381,2,0.4714045207910317,5.333333333333333,0,R,1
6382,2,0.4714045207910317,7.666666666666667,0,R,1
6383,0,0.4714045207910317,3.6666666666666665,0,C,0
6384,1,0.0,5.0,0,C,0
6385,1,0.4714045207910317,5.333333333333333,0,C,0
6386,1,0.0,5.0,0,C,0
6387,0,0.0,4.0,0,C,0
6388,0,0.4714045207910317,5.333333333333333,0,C,0
6389,1,0.816496580927726,3.0,0,C,1
6390,2,0.4714045207910317,4.666666666666667,0,R,1
6391,0,0.4714045207910317,3.6666666666666665,0,C,0
6392,0,0.4714045207910317,5.333333333333333,0,C,0
6393,0,0.4714045207910317,2.6666666666666665,0,C,0
6394,1,0.4714045207910317,3.6666666666666665,0,C,0
6395,3,0.4714045207910317,8.333333333333334,0,R,1
6396,2,0.4714045207910317,7.333333333333333,0,R,1
6397,1,0.4714045207910317,4.666666666666667,0,C,0
6398,1,0.0,6.0,0,C,0
6399,2,0.4714045207910317,5.333333333333333,0,R,1
6400,0,0.0,4.0,0,C,0
6401,1,0.0,4.0,0,C,0
6402,1,0.4714045207910317,6.666666666666667,0,C,0
6403,2,0.0,5.0,0,R,1
6404,2,0.0,5.0,0,R,1
6405,0,0.4714045207910317,3.6666666666666665,0,C,0
6406,0,0.0,5.0,0,C,0
6407,1,0.4714045207910317,4.333333333333333,0,C,0
6408,0,0.4714045207910317,5.666666666666667,0,C,0
6409,1,0.4714045207910317,2.6666666666666665,0,C,0
6410,0,0.0,4.0,0,C,0
6411,1,0.0,1.0,0,C,0
6412,0,0.4714045207910317,5.666666666666667,0,C,0
6413,1,0.0,5.0,0,C,0
6414,2,0.9428090415820634,4.333333333333333,0,R,1
6415,0,0.0,2.0,0,C,0
6416,2,0.4714045207910317,4.333333333333333,0,R,1
6417,2,0.816496580927726,2.0,0,R,1
6418,2,0.4714045207910317,2.6666666666666665,0,R,1
6419,0,0.4714045207910317,3.6666666666666665,0,C,0
6420,1,0.0,6.0,0,C,0
6421,1,0.4714045207910317,4.333333333333333,0,C,0
6422,0,0.0,5.0,0,C,0
6423,1,0.9428090415820634,6.666666666666667,0,C,1
6424,1,0.4714045207910317,3.6666666666666665,0,C,0
6425,0,0.0,6.0,0,C,0
6426,2,0.0,5.0,0,R,1
6427,0,0.4714045207910317,2.6666666666666665,0,C,0
6428,0,0.0,4.0,0,C,0
6429,1,0.4714045207910317,3.333333333333333,0,C,0
6430,0,0.4714045207910317,4.333333333333333,0,C,0
6431,0,0.4714045207910317,4.333333333333333,0,C,0
6432,0,0.4714045207910317,5.333333333333333,0,C,0
6433,0,0.4714045207910317,5.666666666666667,0,C,0
6434,1,0.0,5.0,0,C,0
6435,2,0.4714045207910317,3.6666666666666665,0,R,1
6436,1,1.247219128924647,5.333333333333333,0,C,1
6437,0,0.4714045207910317,5.333333333333333,0,C,0
6438,0,0.0,5.0,0,C,0
6439,0,0.0,5.0,0,C,0
6440,1,0.4714045207910317,6.666666666666667,0,C,0
6441,0,0.4714045207910317,6.333333333333333,0,C,0
6442,0,0.0,4.0,0,C,0
6443,2,0.0,5.0,0,R,1
6444,0,0.4714045207910317,5.333333333333333,0,C,0
6445,1,0.0,3.0,0,C,0
6446,0,0.4714045207910317,3.6666666666666665,0,C,0
6447,1,0.4714045207910317,3.333333333333333,0,C,0
6448,2,0.4714045207910317,5.666666666666667,0,R,1
6449,2,0.816496580927726,8.0,0,R,1
6450,3,0.9428090415820634,3.333333333333333,0,R,1
6451,0,0.4714045207910317,2.6666666666666665,0,C,0
6452,0,0.4714045207910317,4.666666666666667,0,C,0
6453,2,0.0,5.0,0,R,1
6454,0,0.0,2.0,0,C,0
6455,0,0.0,5.0,0,C,0
6456,0,0.4714045207910317,6.666666666666667,0,C,0
6457,0,0.4714045207910317,2.333333333333333,0,C,0
6458,1,0.4714045207910317,6.333333333333333,0,C,0
6459,0,0.0,5.0,0,C,0
6460,0,0.4714045207910317,4.333333333333333,0,C,0
6461,0,0.816496580927726,3.0,0,C,1
6462,0,0.4714045207910317,4.666666666666667,0,C,0
6463,0,0.4714045207910317,4.666666666666667,0,C,0
6464,0,0.4714045207910317,3.6666666666666665,0,C,0
6465,0,0.4714045207910317,5.666666666666667,0,C,0
6466,2,0.4714045207910317,2.333333333333333,0,R,1
6467,1,0.4714045207910317,4.333333333333333,0,C,0
6468,1,0.0,5.0,0,C,0
6469,0,0.0,5.0,0,C,0
6470,0,0.4714045207910317,3.6666666666666665,0,C,0
6471,1,0.816496580927726,3.0,0,C,1
6472,0,0.4714045207910317,3.6666666666666665,0,C,0
6473,1,0.4714045207910317,6.333333333333333,0,C,0
6474,2,0.4714045207910317,7.333333333333333,0,R,1
6475,2,0.0,4.0,0,R,1
6476,1,0.9428090415820634,6.666666666666667,0,C,1
6477,2,0.4714045207910317,4.333333333333333,0,R,1
6478,3,0.4714045207910317,8.666666666666666,0,R,1
6479,0,0.0,4.0,0,C,0
6480,2,0.4714045207910317,5.666666666666667,0,R,1
6481,2,0.816496580927726,4.0,0,R,1
6482,2,0.816496580927726,4.0,0,R,1
6483,2,0.4714045207910317,4.666666666666667,0,R,1
6484,0,0.4714045207910317,3.6666666666666665,0,C,0
6485,0,0.0,4.0,0,C,0
6486,1,0.4714045207910317,2.6666666666666665,0,C,0
6487,0,0.0,7.0,0,C,0
6488,2,0.0,3.0,0,R,1
6489,1,0.4714045207910317,3.333333333333333,0,C,0
6490,3,0.4714045207910317,8.333333333333334,0,R,1
6491,0,0.816496580927726,2.0,0,C,1
6492,0,0.0,4.0,0,C,0
6493,2,0.0,4.0,0,R,1
6494,0,0.4714045207910317,3.6666666666666665,0,C,0
6495,0,0.0,6.0,0,C,0
6496,2,0.4714045207910317,4.666666666666667,0,R,1
6497,1,0.4714045207910317,1.6666666666666667,0,C,0
6498,0,0.4714045207910317,4.333333333333333,0,C,0
6499,0,0.4714045207910317,3.6666666666666665,0,C,0
6500,1,0.4714045207910317,6.666666666666667,0,C,0
6501,2,0.4714045207910317,5.333333333333333,0,R,1
6502,1,0.4714045207910317,2.6666666666666665,0,C,0
6503,0,0.0,7.0,0,C,0
6504,1,0.4714045207910317,3.6666666666666665,0,C,0
6505,1,0.4714045207910317,7.666666666666667,0,C,0
6506,1,0.4714045207910317,2.6666666666666665,0,C,0
6507,0,0.4714045207910317,5.333333333333333,0,C,0
6508,1,0.4714045207910317,6.666666666666667,0,C,0
6509,0,0.4714045207910317,4.666666666666667,0,C,0
6510,0,0.816496580927726,4.0,0,C,1
6511,0,0.0,5.0,0,C,0
6512,2,0.816496580927726,4.0,0,R,1
6513,3,0.4714045207910317,6.333333333333333,0,R,1
6514,3,0.0,8.0,0,R,1
6515,3,0.0,8.0,0,R,1
6516,3,0.4714045207910317,4.333333333333333,0,R,1
6517,0,0.0,6.0,0,C,0
6518,1,0.4714045207910317,4.666666666666667,0,C,0
6519,1,0.4714045207910317,5.666666666666667,0,C,0
6520,1,0.4714045207910317,1.6666666666666667,0,C,0
6521,0,0.4714045207910317,4.666666666666667,0,C,0
6522,0,0.816496580927726,2.0,0,C,1
6523,1,0.4714045207910317,4.333333333333333,0,C,0
6524,2,0.4714045207910317,7.666666666666667,0,R,1
6525,0,0.4714045207910317,5.666666666666667,0,C,0
6526,3,0.4714045207910317,7.333333333333333,0,R,1
6527,2,0.0,5.0,0,R,1
6528,2,1.247219128924647,4.666666666666667,0,R,1
6529,1,0.0,7.0,0,C,0
6530,2,0.0,4.0,0,R,1
6531,2,0.4714045207910317,4.666666666666667,0,R,1
6532,1,0.0,7.0,0,C,0
6533,0,0.0,3.0,0,C,0
6534,1,0.4714045207910317,4.333333333333333,0,C,0
6535,1,0.4714045207910317,4.333333333333333,0,C,0
6536,3,0.9428090415820634,5.666666666666667,0,R,1
6537,2,0.0,3.0,0,R,1
6538,1,0.4714045207910317,4.666666666666667,0,C,0
6539,1,0.4714045207910317,3.333333333333333,0,C,0
6540,1,0.0,5.0,0,C,0
6541,0,0.4714045207910317,3.333333333333333,0,C,0
6542,3,0.9428090415820634,5.333333333333333,0,R,1
6543,0,0.4714045207910317,5.666666666666667,0,C,0
6544,3,0.4714045207910317,1.6666666666666667,0,R,1
6545,1,0.4714045207910317,3.333333333333333,0,C,0
6546,1,0.816496580927726,5.0,0,C,1
6547,0,0.816496580927726,4.0,0,C,1
6548,1,0.816496580927726,4.0,0,C,1
6549,0,0.0,6.0,0,C,0
6550,1,0.4714045207910317,4.666666666666667,0,C,0
6551,1,0.4714045207910317,4.333333333333333,0,C,0
6552,0,0.0,5.0,0,C,0
6553,0,0.4714045207910317,6.666666666666667,0,C,0
6554,0,0.816496580927726,4.0,0,C,1
6555,2,0.4714045207910317,4.666666666666667,0,R,1
6556,0,0.4714045207910317,6.666666666666667,0,C,0
6557,3,0.4714045207910317,6.666666666666667,0,R,1
6558,2,0.4714045207910317,1.3333333333333333,0,R,1
6559,0,0.0,3.0,0,C,0
6560,1,0.4714045207910317,1.3333333333333333,0,C,0
6561,3,0.4714045207910317,7.333333333333333,0,R,1
6562,2,0.4714045207910317,4.333333333333333,0,R,1
6563,1,0.4714045207910317,3.6666666666666665,0,C,0
6564,0,0.0,5.0,0,C,0
6565,3,0.4714045207910317,4.666666666666667,0,R,1
6566,3,0.4714045207910317,7.333333333333333,0,R,1
6567,1,0.4714045207910317,3.6666666666666665,0,C,0
6568,1,0.4714045207910317,4.333333333333333,0,C,0
6569,2,0.816496580927726,4.0,0,R,1
6570,1,0.4714045207910317,6.333333333333333,0,C,0
6571,2,0.4714045207910317,3.333333333333333,0,R,1
6572,1,0.4714045207910317,4.666666666666667,0,C,0
6573,1,0.0,3.0,0,C,0
6574,1,0.4714045207910317,3.6666666666666665,0,C,0
6575,0,0.816496580927726,4.0,0,C,1
6576,3,0.4714045207910317,8.333333333333334,0,R,1
6577,3,0.4714045207910317,2.333333333333333,0,R,1
6578,3,0.816496580927726,8.0,0,R,1
6579,2,0.4714045207910317,6.666666666666667,0,R,1
6580,0,0.0,6.0,0,C,0
6581,2,0.4714045207910317,1.3333333333333333,0,R,1
6582,1,0.4714045207910317,3.333333333333333,0,C,0
6583,2,0.4714045207910317,0.6666666666666666,0,R,1
6584,2,0.4714045207910317,3.6666666666666665,0,R,1
6585,2,0.0,7.0,0,R,1
6586,2,0.0,6.0,0,R,1
6587,1,0.4714045207910317,4.333333333333333,0,C,0
6588,1,0.4714045207910317,4.333333333333333,0,C,0
6589,3,0.4714045207910317,6.666666666666667,0,R,1
6590,0,0.0,6.0,0,C,0
6591,1,0.4714045207910317,3.6666666666666665,0,C,0
6592,1,0.0,6.0,0,C,0
6593,1,0.816496580927726,4.0,0,C,1
6594,1,0.4714045207910317,3.6666666666666665,0,C,0
6595,2,0.4714045207910317,6.333333333333333,0,R,1
6596,1,0.4714045207910317,3.6666666666666665,0,C,0
6597,0,0.4714045207910317,5.333333333333333,0,C,0
6598,0,0.4714045207910317,4.333333333333333,0,C,0
6599,0,0.4714045207910317,4.666666666666667,0,C,0
6600,3,0.0,5.0,0,R,1
6601,0,0.0,6.0,0,C,0
6602,2,0.4714045207910317,3.333333333333333,0,R,1
6603,1,0.0,4.0,0,C,0
6604,2,0.4714045207910317,2.6666666666666665,0,R,1
6605,0,0.4714045207910317,4.666666666666667,0,C,0
6606,0,0.0,5.0,0,C,0
6607,2,0.4714045207910317,5.333333333333333,0,R,1
6608,1,0.4714045207910317,3.333333333333333,0,C,0
6609,2,0.4714045207910317,7.333333333333333,0,R,1
6610,3,0.4714045207910317,8.333333333333334,0,R,1
6611,0,0.4714045207910317,4.666666666666667,0,C,0
6612,0,0.4714045207910317,3.6666666666666665,0,C,0
6613,0,0.0,4.0,0,C,0
6614,0,0.0,5.0,0,C,0
6615,0,0.4714045207910317,5.666666666666667,0,C,0
6616,0,0.4714045207910317,4.666666666666667,0,C,0
6617,1,0.0,2.0,0,C,0
6618,2,0.9428090415820634,1.3333333333333333,0,R,1
6619,2,0.4714045207910317,2.6666666666666665,0,R,1
6620,1,0.4714045207910317,5.666666666666667,0,C,0
6621,2,0.4714045207910317,4.666666666666667,0,R,1
6622,1,0.0,5.0,0,C,0
6623,0,0.0,3.0,0,C,0
6624,0,0.4714045207910317,2.6666666666666665,0,C,0
6625,2,0.4714045207910317,1.3333333333333333,0,R,1
6626,2,0.4714045207910317,1.6666666666666667,0,R,1
6627,0,0.0,2.0,0,C,0
6628,2,0.0,1.0,0,R,1
6629,0,0.4714045207910317,4.333333333333333,0,C,0
6630,1,0.4714045207910317,4.666666666666667,0,C,0
6631,0,0.0,2.0,0,C,0
6632,0,0.0,4.0,0,C,0
6633,0,0.0,5.0,0,C,0
6634,0,0.4714045207910317,4.666666666666667,0,C,0
6635,1,0.0,3.0,0,C,0
6636,0,0.0,5.0,0,C,0
6637,0,0.4714045207910317,5.666666666666667,0,C,0
6638,1,0.0,5.0,0,C,0
6639,2,0.0,7.0,0,R,1
6640,1,0.4714045207910317,1.3333333333333333,0,C,0
6641,0,0.4714045207910317,4.333333333333333,0,C,0
6642,0,0.0,4.0,0,C,0
6643,2,0.4714045207910317,4.333333333333333,0,R,1
6644,1,0.4714045207910317,5.333333333333333,0,C,0
6645,0,0.0,5.0,0,C,0
6646,2,0.4714045207910317,6.333333333333333,0,R,1
6647,1,0.0,4.0,0,C,0
6648,0,0.4714045207910317,5.333333333333333,0,C,0
6649,2,2.357022603955158,4.333333333333333,0,R,1
6650,0,0.0,5.0,0,C,0
6651,1,0.4714045207910317,4.333333333333333,0,C,0
6652,1,0.4714045207910317,4.333333333333333,0,C,0
6653,0,0.4714045207910317,5.333333333333333,0,C,0
6654,2,0.816496580927726,2.0,0,R,1
6655,1,0.0,4.0,0,C,0
6656,2,0.4714045207910317,4.666666666666667,0,R,1
6657,2,1.247219128924647,3.6666666666666665,0,R,1
6658,1,0.9428090415820634,5.333333333333333,0,C,1
6659,0,0.4714045207910317,5.333333333333333,0,C,0
6660,0,0.0,5.0,0,C,0
6661,1,0.0,6.0,0,C,0
6662,0,0.0,4.0,0,C,0
6663,3,0.4714045207910317,7.333333333333333,0,R,1
6664,2,0.4714045207910317,6.333333333333333,0,R,1
6665,2,0.0,3.0,0,R,1
6666,3,0.4714045207910317,7.333333333333333,0,R,1
6667,0,0.4714045207910317,3.333333333333333,0,C,0
6668,1,0.0,4.0,0,C,0
6669,0,0.0,5.0,0,C,0
6670,0,0.4714045207910317,3.333333333333333,0,C,0
6671,2,0.4714045207910317,3.333333333333333,0,R,1
6672,1,1.4142135623730951,3.0,0,C,1
6673,0,0.0,4.0,0,C,0
6674,3,0.4714045207910317,1.6666666666666667,0,R,1
6675,1,0.4714045207910317,4.333333333333333,0,C,0
6676,1,0.0,3.0,0,C,0
6677,0,0.0,3.0,0,C,0
6678,3,0.0,9.0,0,R,1
6679,1,0.816496580927726,6.0,0,C,1
6680,1,0.0,5.0,0,C,0
6681,0,0.0,3.0,0,C,0
6682,3,0.4714045207910317,0.6666666666666666,0,R,1
6683,2,0.4714045207910317,6.333333333333333,0,R,1
6684,0,0.4714045207910317,4.333333333333333,0,C,0
6685,0,0.4714045207910317,4.666666666666667,0,C,0
6686,1,0.4714045207910317,4.666666666666667,0,C,0
6687,1,0.816496580927726,4.0,0,C,1
6688,1,0.4714045207910317,2.6666666666666665,0,C,0
6689,1,0.0,7.0,0,C,0
6690,0,0.0,3.0,0,C,0
6691,-1,0.4714045207910317,3.333333333333333,0,C,0
6692,2,0.4714045207910317,4.333333333333333,0,R,1
6693,0,0.4714045207910317,3.6666666666666665,0,C,0
6694,1,0.4714045207910317,5.666666666666667,0,C,0
6695,3,0.4714045207910317,6.333333333333333,0,R,1
6696,0,0.4714045207910317,4.666666666666667,0,C,0
6697,1,0.0,6.0,0,C,0
6698,1,0.0,5.0,0,C,0
6699,0,0.4714045207910317,5.666666666666667,0,C,0
6700,2,0.816496580927726,7.0,0,R,1
6701,1,0.0,6.0,0,C,0
6702,0,0.0,6.0,0,C,0
6703,1,0.4714045207910317,2.6666666666666665,0,C,0
6704,1,0.0,5.0,0,C,0
6705,0,0.4714045207910317,5.666666666666667,0,C,0
6706,2,0.816496580927726,4.0,0,R,1
6707,0,0.4714045207910317,4.333333333333333,0,C,0
6708,0,0.0,6.0,0,C,0
6709,0,0.4714045207910317,4.666666666666667,0,C,0
6710,2,0.0,7.0,0,R,1
6711,1,0.4714045207910317,3.6666666666666665,0,C,0
6712,0,0.4714045207910317,4.333333333333333,0,C,0
6713,0,0.4714045207910317,4.666666666666667,0,C,0
6714,2,0.4714045207910317,3.333333333333333,0,R,1
6715,1,0.4714045207910317,3.6666666666666665,0,C,0
6716,0,0.4714045207910317,5.666666666666667,0,C,0
6717,3,1.247219128924647,5.666666666666667,0,R,1
6718,0,0.0,4.0,0,C,0
6719,0,0.4714045207910317,5.666666666666667,0,C,0
6720,2,0.816496580927726,8.0,0,R,1
6721,2,0.4714045207910317,4.666666666666667,0,R,1
6722,0,0.816496580927726,6.0,0,C,1
6723,0,0.4714045207910317,4.333333333333333,0,C,0
6724,2,0.4714045207910317,2.6666666666666665,0,R,1
6725,2,0.9428090415820634,5.333333333333333,0,R,1
6726,1,0.0,6.0,0,C,0
6727,2,0.0,1.0,0,R,1
6728,2,0.4714045207910317,4.333333333333333,0,R,1
6729,3,0.4714045207910317,0.3333333333333333,0,R,1
6730,3,0.816496580927726,7.0,0,R,1
6731,1,0.4714045207910317,4.333333333333333,0,C,0
6732,2,0.4714045207910317,5.333333333333333,0,R,1
6733,0,0.4714045207910317,3.333333333333333,0,C,0
6734,0,0.4714045207910317,2.333333333333333,0,C,0
6735,1,0.4714045207910317,5.666666666666667,0,C,0
6736,2,0.4714045207910317,5.666666666666667,0,R,1
6737,3,0.816496580927726,8.0,0,R,1
6738,2,0.0,4.0,0,R,1
6739,1,0.0,7.0,0,C,0
6740,2,0.4714045207910317,4.333333333333333,0,R,1
6741,3,0.816496580927726,6.0,0,R,1
6742,1,0.4714045207910317,1.6666666666666667,0,C,0
6743,1,0.9428090415820634,4.333333333333333,0,C,1
6744,1,0.9428090415820634,2.333333333333333,0,C,1
6745,0,0.0,4.0,0,C,0
6746,0,0.4714045207910317,3.333333333333333,0,C,0
6747,2,0.0,4.0,0,R,1
6748,1,0.0,4.0,0,C,0
6749,2,0.4714045207910317,7.666666666666667,0,R,1
6750,3,0.816496580927726,7.0,0,R,1
6751,3,0.4714045207910317,6.333333333333333,0,R,1
6752,0,0.0,4.0,0,C,0
6753,2,0.4714045207910317,2.6666666666666665,0,R,1
6754,1,0.4714045207910317,4.333333333333333,0,C,0
6755,1,0.4714045207910317,4.333333333333333,0,C,0
6756,0,0.0,5.0,0,C,0
6757,0,1.247219128924647,4.333333333333333,0,C,1
6758,0,0.0,6.0,0,C,0
6759,1,0.4714045207910317,5.666666666666667,0,C,0
6760,2,0.4714045207910317,5.666666666666667,0,R,1
6761,0,0.0,4.0,0,C,0
6762,0,0.4714045207910317,2.333333333333333,0,C,0
6763,3,0.816496580927726,4.0,0,R,1
6764,2,0.816496580927726,5.0,0,R,1
6765,0,0.0,4.0,0,C,0
6766,0,0.4714045207910317,5.666666666666667,0,C,0
6767,0,0.4714045207910317,3.6666666666666665,0,C,0
6768,1,0.0,5.0,0,C,0
6769,1,0.0,4.0,0,C,0
6770,1,0.9428090415820634,5.333333333333333,0,C,1
6771,0,0.4714045207910317,1.6666666666666667,0,C,0
6772,0,0.0,3.0,0,C,0
6773,3,0.0,6.0,0,R,1
6774,1,0.816496580927726,5.0,0,C,1
6775,1,0.0,5.0,0,C,0
6776,2,0.4714045207910317,4.666666666666667,0,R,1
6777,3,0.816496580927726,2.0,0,R,1
6778,0,0.0,5.0,0,C,0
6779,1,0.4714045207910317,5.333333333333333,0,C,0
6780,0,0.4714045207910317,3.6666666666666665,0,C,0
6781,3,1.699673171197595,5.333333333333333,0,R,1
6782,2,0.0,8.0,0,R,1
6783,2,0.0,5.0,0,R,1
6784,2,0.4714045207910317,1.3333333333333333,0,R,1
6785,2,0.0,4.0,0,R,1
6786,1,0.0,7.0,0,C,0
6787,0,0.0,5.0,0,C,0
6788,0,0.0,5.0,0,C,0
6789,2,0.4714045207910317,5.333333333333333,0,R,1
6790,0,0.4714045207910317,3.333333333333333,0,C,0
6791,2,0.4714045207910317,3.333333333333333,0,R,1
6792,1,0.4714045207910317,5.333333333333333,0,C,0
6793,0,0.0,4.0,0,C,0
6794,0,0.0,3.0,0,C,0
6795,0,0.0,4.0,0,C,0
6796,0,0.0,4.0,0,C,0
6797,0,0.0,4.0,0,C,0
6798,2,0.816496580927726,4.0,0,R,1
6799,2,0.0,7.0,0,R,1
6800,0,0.0,4.0,0,C,0
6801,0,0.0,5.0,0,C,0
6802,1,0.816496580927726,5.0,0,C,1
6803,2,0.9428090415820634,4.333333333333333,0,R,1
6804,2,0.4714045207910317,6.333333333333333,0,R,1
6805,2,0.4714045207910317,4.666666666666667,0,R,1
6806,0,0.4714045207910317,3.333333333333333,0,C,0
6807,3,0.4714045207910317,6.666666666666667,0,R,1
6808,1,0.4714045207910317,4.666666666666667,0,C,0
6809,0,0.4714045207910317,4.666666666666667,0,C,0
6810,2,1.247219128924647,7.333333333333333,0,R,1
6811,0,0.4714045207910317,3.333333333333333,0,C,0
6812,1,0.4714045207910317,4.666666666666667,0,C,0
6813,1,0.4714045207910317,3.333333333333333,0,C,0
6814,1,0.0,5.0,0,C,0
6815,1,0.4714045207910317,4.333333333333333,0,C,0
6816,1,0.0,6.0,0,C,0
6817,1,0.4714045207910317,4.333333333333333,0,C,0
6818,0,0.4714045207910317,4.666666666666667,0,C,0
6819,1,0.0,5.0,0,C,0
6820,1,0.4714045207910317,6.666666666666667,0,C,0
6821,0,0.4714045207910317,3.6666666666666665,0,C,0
6822,0,0.0,5.0,0,C,0
6823,2,0.4714045207910317,5.333333333333333,0,R,1
6824,0,0.4714045207910317,3.6666666666666665,0,C,0
6825,0,0.4714045207910317,6.666666666666667,0,C,0
6826,3,0.816496580927726,7.0,0,R,1
6827,1,0.4714045207910317,4.666666666666667,0,C,0
6828,1,0.4714045207910317,5.333333333333333,0,C,0
6829,1,0.4714045207910317,4.666666666666667,0,C,0
6830,2,0.4714045207910317,3.333333333333333,0,R,1
6831,3,0.0,3.0,0,R,1
6832,2,0.4714045207910317,0.3333333333333333,0,R,1
6833,1,0.816496580927726,4.0,0,C,1
6834,0,0.0,4.0,0,C,0
6835,0,0.0,4.0,0,C,0
6836,0,0.4714045207910317,3.333333333333333,0,C,0
6837,3,0.4714045207910317,1.3333333333333333,0,R,1
6838,1,0.816496580927726,5.0,0,C,1
6839,1,0.4714045207910317,4.333333333333333,0,C,0
6840,0,0.4714045207910317,4.333333333333333,0,C,0
6841,3,0.816496580927726,8.0,0,R,1
6842,1,0.816496580927726,4.0,0,C,1
6843,2,0.4714045207910317,3.6666666666666665,0,R,1
6844,3,0.0,6.0,0,R,1
6845,0,0.4714045207910317,4.666666666666667,0,C,0
6846,2,0.4714045207910317,4.666666666666667,0,R,1
6847,0,0.4714045207910317,4.333333333333333,0,C,0
6848,0,0.0,4.0,0,C,0
6849,0,0.4714045207910317,5.333333333333333,0,C,0
6850,2,0.4714045207910317,6.666666666666667,0,R,1
6851,0,0.0,4.0,0,C,0
6852,0,0.4714045207910317,3.333333333333333,0,C,0
6853,1,0.4714045207910317,4.333333333333333,0,C,0
6854,1,0.4714045207910317,3.6666666666666665,0,C,0
6855,0,0.0,7.0,0,C,0
6856,0,0.0,5.0,0,C,0
6857,1,0.0,4.0,0,C,0
6858,0,0.4714045207910317,3.6666666666666665,0,C,0
6859,0,0.4714045207910317,3.333333333333333,0,C,0
6860,0,0.4714045207910317,3.6666666666666665,0,C,0
6861,1,0.0,5.0,0,C,0
6862,0,0.0,5.0,0,C,0
6863,2,0.4714045207910317,3.333333333333333,0,R,1
6864,2,0.4714045207910317,2.6666666666666665,0,R,1
6865,1,0.4714045207910317,3.333333333333333,0,C,0
6866,1,0.0,6.0,0,C,0
6867,1,0.4714045207910317,4.666666666666667,0,C,0
6868,1,0.4714045207910317,4.333333333333333,0,C,0
6869,3,0.4714045207910317,5.666666666666667,0,R,1
6870,2,0.0,5.0,0,R,1
6871,1,0.0,4.0,0,C,0
6872,1,0.4714045207910317,6.333333333333333,0,C,0
6873,1,0.0,6.0,0,C,0
6874,0,0.4714045207910317,3.6666666666666665,0,C,0
6875,1,0.4714045207910317,4.333333333333333,0,C,0
6876,0,0.4714045207910317,3.6666666666666665,0,C,0
6877,0,0.0,4.0,0,C,0
6878,0,0.4714045207910317,5.333333333333333,0,C,0
6879,1,0.0,5.0,0,C,0
6880,0,0.0,6.0,0,C,0
6881,1,0.4714045207910317,1.6666666666666667,0,C,0
6882,1,0.4714045207910317,7.333333333333333,0,C,0
6883,1,0.4714045207910317,5.666666666666667,0,C,0
6884,1,0.4714045207910317,5.333333333333333,0,C,0
6885,0,0.4714045207910317,6.333333333333333,0,C,0
6886,0,0.4714045207910317,4.666666666666667,0,C,0
6887,1,0.0,4.0,0,C,0
6888,3,0.0,9.0,0,R,1
6889,0,0.4714045207910317,3.6666666666666665,0,C,0
6890,2,0.4714045207910317,4.333333333333333,0,R,1
6891,0,0.4714045207910317,4.666666666666667,0,C,0
6892,2,0.4714045207910317,3.333333333333333,0,R,1
6893,0,0.4714045207910317,5.333333333333333,0,C,0
6894,3,0.4714045207910317,3.6666666666666665,0,R,1
6895,0,0.0,5.0,0,C,0
6896,1,0.0,2.0,0,C,0
6897,0,0.4714045207910317,4.666666666666667,0,C,0
6898,1,0.4714045207910317,4.333333333333333,0,C,0
6899,1,0.4714045207910317,4.666666666666667,0,C,0
6900,0,0.4714045207910317,3.6666666666666665,0,C,0
6901,0,0.4714045207910317,5.666666666666667,0,C,0
6902,0,0.4714045207910317,4.333333333333333,0,C,0
6903,1,0.4714045207910317,6.333333333333333,0,C,0
6904,1,0.4714045207910317,3.6666666666666665,0,C,0
6905,0,0.0,4.0,0,C,0
6906,0,0.4714045207910317,5.333333333333333,0,C,0
6907,0,0.4714045207910317,1.3333333333333333,0,C,0
6908,1,0.0,3.0,0,C,0
6909,1,0.4714045207910317,2.6666666666666665,0,C,0
6910,1,0.0,6.0,0,C,0
6911,3,0.0,7.0,0,R,1
6912,0,0.4714045207910317,7.333333333333333,0,C,0
6913,2,0.0,8.0,0,R,1
6914,1,0.4714045207910317,8.333333333333334,0,C,0
6915,0,0.4714045207910317,4.333333333333333,0,C,0
6916,0,0.4714045207910317,3.6666666666666665,0,C,0
6917,0,0.0,4.0,0,C,0
6918,0,0.4714045207910317,4.333333333333333,0,C,0
6919,3,0.816496580927726,8.0,0,R,1
6920,1,0.0,4.0,0,C,0
6922,1,0.0,6.0,0,C,0
6923,3,0.4714045207910317,6.666666666666667,0,R,1
6924,2,0.4714045207910317,3.333333333333333,0,R,1
6925,2,0.4714045207910317,7.666666666666667,0,R,1
6926,2,0.4714045207910317,6.666666666666667,0,R,1
6927,0,0.0,4.0,0,C,0
6928,1,0.0,4.0,0,C,0
6929,0,0.0,5.0,0,C,0
6930,0,0.4714045207910317,4.666666666666667,0,C,0
6931,2,0.4714045207910317,6.666666666666667,0,R,1
6932,1,0.0,2.0,0,C,0
6933,2,0.4714045207910317,3.333333333333333,0,R,1
6934,0,0.0,4.0,0,C,0
6935,1,0.0,3.0,0,C,0
6936,0,0.4714045207910317,5.333333333333333,0,C,0
6937,0,0.4714045207910317,4.666666666666667,0,C,0
6938,2,0.4714045207910317,2.333333333333333,0,R,1
6939,2,0.4714045207910317,6.666666666666667,0,R,1
6940,2,0.816496580927726,5.0,0,R,1
6941,2,0.4714045207910317,7.333333333333333,0,R,1
6942,1,0.4714045207910317,5.666666666666667,0,C,0
6943,1,0.4714045207910317,3.333333333333333,0,C,0
6944,2,0.4714045207910317,5.333333333333333,0,R,1
6945,1,0.4714045207910317,4.333333333333333,0,C,0
6946,2,0.4714045207910317,5.333333333333333,0,R,1
6947,0,0.0,3.0,0,C,0
6948,0,0.0,3.0,0,C,0
6949,0,0.816496580927726,3.0,0,C,1
6950,2,0.4714045207910317,4.666666666666667,0,R,1
6951,0,0.0,5.0,0,C,0
6952,0,0.4714045207910317,5.333333333333333,0,C,0
6953,0,0.4714045207910317,3.6666666666666665,0,C,0
6954,1,0.4714045207910317,2.6666666666666665,0,C,0
6955,1,0.4714045207910317,6.333333333333333,0,C,0
6956,1,0.4714045207910317,2.6666666666666665,0,C,0
6957,2,0.4714045207910317,4.666666666666667,0,R,1
6958,2,0.4714045207910317,6.666666666666667,0,R,1
6959,1,0.4714045207910317,3.6666666666666665,0,C,0
6960,1,0.4714045207910317,3.333333333333333,0,C,0
6961,2,0.4714045207910317,4.666666666666667,0,R,1
6962,1,0.4714045207910317,5.666666666666667,0,C,0
6963,2,0.4714045207910317,4.333333333333333,0,R,1
6964,3,0.4714045207910317,7.666666666666667,0,R,1
6965,1,0.4714045207910317,3.6666666666666665,0,C,0
6966,2,0.816496580927726,7.0,0,R,1
6967,0,0.0,4.0,0,C,0
6968,1,0.0,7.0,0,C,0
6969,0,0.4714045207910317,6.666666666666667,0,C,0
6970,1,0.0,5.0,0,C,0
6971,1,0.0,2.0,0,C,0
6972,0,0.4714045207910317,4.666666666666667,0,C,0
6973,2,0.0,1.0,0,R,1
6974,0,0.4714045207910317,3.333333333333333,0,C,0
6975,0,0.0,4.0,0,C,0
6976,2,1.4142135623730951,6.0,0,R,1
6977,1,0.4714045207910317,5.333333333333333,0,C,0
6978,1,0.4714045207910317,4.666666666666667,0,C,0
6979,3,0.816496580927726,3.0,0,R,1
6980,3,0.4714045207910317,6.666666666666667,0,R,1
6981,0,0.4714045207910317,3.6666666666666665,0,C,0
6982,1,0.4714045207910317,4.333333333333333,0,C,0
6983,0,0.0,4.0,0,C,0
6984,1,0.4714045207910317,3.6666666666666665,0,C,0
6985,2,0.0,3.0,0,R,1
6986,2,0.4714045207910317,6.666666666666667,0,R,1
6987,1,0.0,5.0,0,C,0
6988,0,0.816496580927726,4.0,0,C,1
6989,1,0.0,5.0,0,C,0
6990,2,0.4714045207910317,5.666666666666667,0,R,1
6991,0,0.4714045207910317,3.333333333333333,0,C,0
6992,0,0.0,4.0,0,C,0
6993,2,0.4714045207910317,3.333333333333333,0,R,1
6994,0,0.816496580927726,4.0,0,C,1
6995,0,0.0,5.0,0,C,0
6996,0,0.4714045207910317,3.6666666666666665,0,C,0
6997,1,0.0,4.0,0,C,0
6998,0,0.0,4.0,0,C,0
6999,0,0.4714045207910317,6.333333333333333,0,C,0
7000,1,0.4714045207910317,5.666666666666667,0,C,0
7001,0,0.816496580927726,4.0,0,C,1
7002,1,0.4714045207910317,4.333333333333333,0,C,0
7003,1,0.4714045207910317,4.333333333333333,0,C,0
7004,0,0.4714045207910317,4.666666666666667,0,C,0
7005,0,0.4714045207910317,4.666666666666667,0,C,0
7006,1,0.0,3.0,0,C,0
7007,3,0.0,5.0,0,R,1
7008,2,0.4714045207910317,6.333333333333333,0,R,1
7009,2,0.4714045207910317,5.333333333333333,0,R,1
7010,0,0.0,5.0,0,C,0
7011,1,0.4714045207910317,3.333333333333333,0,C,0
7012,1,0.0,5.0,0,C,0
7013,2,0.4714045207910317,8.666666666666666,0,R,1
7014,1,0.4714045207910317,3.333333333333333,0,C,0
7015,2,0.816496580927726,7.0,0,R,1
7016,0,0.0,5.0,0,C,0
7017,0,0.4714045207910317,3.333333333333333,0,C,0
7018,1,0.4714045207910317,5.333333333333333,0,C,0
7019,3,0.0,5.0,0,R,1
7020,1,0.4714045207910317,4.333333333333333,0,C,0
7021,1,0.4714045207910317,3.6666666666666665,0,C,0
7022,-1,0.4714045207910317,3.333333333333333,0,C,0
7023,0,0.4714045207910317,3.6666666666666665,0,C,0
7024,0,0.0,6.0,0,C,0
7025,2,0.4714045207910317,6.666666666666667,0,R,1
7026,2,0.0,5.0,0,R,1
7027,1,0.4714045207910317,4.666666666666667,0,C,0
7028,1,0.4714045207910317,6.666666666666667,0,C,0
7029,2,0.4714045207910317,6.666666666666667,0,R,1
7030,0,0.4714045207910317,4.666666666666667,0,C,0
7031,0,0.4714045207910317,4.333333333333333,0,C,0
